document,line,note,notevalue,syllable,accenttype,accent,juncture,member1,lex,wd,cg,ag,minorp1,minorp,majorp,ftype,metricalboundary,musicalsection,supplement,meter,propername,emphasis,initialrise,secondaryrise,soundsymbolism,note
20,1,,,kek,r,a,,,u,u,,,b,b,u,,,b,i,paeonic,,,,,,
20,1,,,lu,,,l,,u,u,,,e,e,u,,,,i,paeonic,,,,,,
20,1,,,T' he,,,,,u,u,,,b,b,u,,,,s,paeonic,n,prolepsis,,,,
20,1,,,li,,,,,u,u,,,m,m,m,,,,s,paeonic,n,prolepsis,,,,
20,1,,,kO,p,c,n,,m,m,,,m,m,m,,,,s,paeonic,n,prolepsis,,,,
20,1,,,kO,p,c,,,m,m,,,m,m,m,,,,s,paeonic,n,prolepsis,,,,
20,1,c,1,na,,,l,,e,e,,,m,m,m,,,,,paeonic,n,prolepsis,,,,
20,1,d,1,ba,,,,l,b,b,,,m,m,m,,,,,paeonic,,prolepsis,,,,
20,1,d,1,Tu,r,a,c,l,m,m,,,m,m,m,,,,,paeonic,,prolepsis,,,,
20,1,c,2,den,,,,,m,m,,,m,m,m,,,,,paeonic,,prolepsis,,,,
20,1,AF,1,dro,,,lf,,e,e,,,e,m,m,,,,,paeonic,,prolepsis,,,,
20,1,c,2,n hai,P,g,fl,,s,,,b,b,m,m,prepositive,,,,paeonic,,prolepsis,,,,
20,1,c,1,la,r,a,,,b,b,,m,m,m,m,,,,,paeonic,,,,,,
20,1,,,Ke,,,,,m,m,,m,m,m,m,,,,s,paeonic,,,,,,
20,1,,,te,,,p,,e,e,,e,e,e,e,,,,s,paeonic,,,,,,
20,1,,,di,,,,,b,b,,,b,b,b,,,,s,paeonic,n,,,,,
20,1,,,o,p,g,l,,e,e,,,m,m,m,,,,s,paeonic,n,,,,,
20,2,,,s e,,,,l,b,b,,,m,m,m,,,,,paeonic,,,,,,
20,2,,,ri,,,c,l,m,m,,,m,m,m,,,,s,paeonic,,,,,,
20,2,eF,1,bro,r,a,,,m,m,,,m,m,m,,,,,paeonic,,,,,,
20,2,d,1,mou,,,n,,m,m,,,m,m,m,,,,,paeonic,,,,,,
20,2,c,1,mou,,,l,,e,e,,,e,e,m,,,,,paeonic,,,,,,
20,2,d,1,Tu,r,a,,,b,b,,,b,b,m,,,,,paeonic,,,,,,
20,2,c,1,ga,,,,,m,m,,,m,m,m,,,,,paeonic,,,,,,
20,2,AF,1,tre,,,l,,e,e,,,m,m,m,,,,,paeonic,,,,,,
20,2,c,2,s eu,,,c,l,b,b,,,m,m,m,,,,,paeonic,,,,,,
20,2,c,2,wO,r,a,,,m,m,,,m,m,m,,,,,paeonic,,,,,,
20,2,,,le,,,,,m,m,,,m,m,m,,,,s,paeonic,,,,,,
20,2,,,noi,,,p,,e,e,,,e,e,e,,,,s,paeonic,,,,,,
20,2,eF,1,mo,r,a,,,b,b,,,b,b,b,,,,,paeonic,,,,,,
20,2,d,1,le,,,,,m,m,,,m,m,m,,,,,paeonic,,,,,,
20,2,,1,te,,,l,,e,e,,,e,e,m,,,,,paeonic,,,,,,
20,2,eF,1,su,,,c,g,b,b,,,b,b,m,,,,,paeonic,,prolepsis,,,,
20,2,eF,1,no,r,a,c,g,m,m,,,m,m,m,,,,,paeonic,,prolepsis,,,,
20,3,d,2,mai,,,,,m,m,,,m,m,m,,,,,paeonic,,prolepsis,,,,
20,3,c,1,mo,,,lf,,e,e,,,m,m,m,,,,,paeonic,,prolepsis,,,,
20,3,d,1,n hi,r,a,,,b,,,b,m,m,m,prepositive,,,,paeonic,,,,,,
20,3,d,1,na,,,fl,,e,,,m,m,m,m,prepositive,,,,paeonic,,,,,,
20,3,d,1,Poi,r,c,n,,b,b,,m,m,m,m,,,,,paeonic,n,,,,,
20,3,c,1,Poi,r,c,,,m,m,,m,m,m,m,,,,,paeonic,n,,,,,
20,3,AF,1,bo,,,l,,e,e,,e,e,e,m,,,,,paeonic,n,,,,,
20,3,c,2,n Oi,,,,,b,b,,,b,b,m,,,,,paeonic,,,,,,
20,3,c,1,dai,p,c,n,,m,m,,,m,m,m,,,,,paeonic,,,,,,
20,3,AF,1,dai,p,c,,,m,m,,,m,m,m,,,,,paeonic,,,,,,
20,3,AF,1,si,,,l,,e,e,,,e,m,m,,,,,paeonic,,,,,,
20,3,c,2,mel,r,a,,,b,b,,,b,m,m,,,,,paeonic,,,,,,
20,3,EF,2,psE,,,,,m,m,,,m,m,m,,,,,paeonic,,,,,,
20,3,EF,1,te,,,l,,e,e,,,e,e,m,,,,,paeonic,,,,,,
20,3,G,2,KrU,,,,l,b,b,,,b,b,m,,,,,paeonic,,,,,,
20,3,G,1,se,,,,l,m,m,,,m,m,m,,,,,paeonic,,,,,,
20,3,AF,1,o,,,c,l,m,m,,,m,m,m,,,,,paeonic,,,,,,
20,3,AF,1,ko,r,a,,,m,m,,,m,m,m,,,,,paeonic,,,,,,
20,3,EF,2,mA,,,p,,e,e,,,e,e,e,,,,,paeonic,,,,,,
20,4,eF,1,n ho,P,g,f,,s,,,b,,b,b,prepositive,,,,paeonic,,,,,,
20,4,eF,1,s a,,,,,b,,,m,,m,m,proclitic,,,,paeonic,,,,,,
20,4,eF,1,na,p,g,fl,,e,,,m,,m,m,proclitic,,,,paeonic,,,,,,
20,4,g,1,di,,,c,l,b,b,,m,,m,m,,,,,paeonic,,hyperbaton,,,,
20,4,aF,1,ko,r,a,,,m,m,,m,,m,m,,,,,paeonic,,hyperbaton,,,,
20,4,g,2,run,,,,,m,m,,m,,m,m,,,,,paeonic,,hyperbaton,,,,
20,4,eF,1,ba,,,l,,e,e,,e,,m,m,,,,,paeonic,,hyperbaton,,,,
20,4,g,2,par,,,,,b,b,,,,m,m,,,,,paeonic,n,hyperbaton,,,,
20,4,g,2,nas,,,,,m,m,,,,m,m,,,,,paeonic,n,hyperbaton,,,,
20,4,g,1,si,p,a,,,m,m,,,,m,m,,,,,paeonic,n,hyperbaton,,,,
20,4,eF,2,dos,,,lf,,e,e,,,,m,m,,,,,paeonic,n,hyperbaton,,,,
20,4,eF,1,tAs,p,c,n,,b,,,b,,m,m,prepositive,,,,paeonic,,,,,,
20,4,c,1,tAs,p,c,,,m,,,m,,m,m,prepositive,,,,paeonic,,,,,,
20,4,c,1,de,,,fl,,e,,,m,,m,m,postpositive,,,,paeonic,,,,,,
20,4,eF,1,pe,,,,,b,b,,m,,m,m,,,,,paeonic,,,,,,
20,4,eF,1,te,r,a,,,m,m,,m,,m,m,,,,,paeonic,,,,,,
20,4,d,2,rA,,,l,,e,e,,e,,m,m,,,,,paeonic,,,,,,
20,4,d,1,s he,r,a,,,b,b,,,,m,m,,,,,paeonic,,,,,,
20,4,c,1,dra,,,lf,,e,e,,,,e,m,,,,,paeonic,,,,,,
20,4,AF,1,n' ha,r,a,,,s,,,b,,b,m,prepositive,,,,paeonic,,,,,,
20,5,,1,m' a,,,fl,l,b,b,,m,,m,m,,,,s,paeonic,,,,,,
20,5,AF,1,ga,,,c,l,m,m,,m,,m,m,,,,,paeonic,,,,,,
20,5,c,1,klu,,,,,m,m,,m,,m,m,,,,,paeonic,,,,,,
20,5,c,1,tais,p,c,n,,m,m,,m,,m,m,,,,,paeonic,,,,,,
20,5,AF,1,tais,p,c,l,,e,e,,e,,m,m,,,,,paeonic,,,,,,
20,5,c,1,del,,,n,,b,b,,,,m,m,,,,,paeonic,n,,,,,
20,5,d,1,del,,,,,m,m,,,,m,m,,,,,paeonic,n,,,,,
20,5,eF,1,Pi,p,a,,,m,m,,,,m,m,,,,,paeonic,n,,,,,
20,5,d,1,sin,,,n,,m,m,,,,m,m,,,,,paeonic,n,,,,,
20,5,eF,1,sin,,,l,,e,e,,,,e,m,,,,,paeonic,n,,,,,
20,5,f,2,kas,,,,,b,b,,,,b,m,,,,,paeonic,n,,,,,
20,5,g,1,ta,,,,,m,m,,,,m,m,,,,,paeonic,n,,,,,
20,5,aF,1,li,p,a,,,m,m,,,,m,m,,,,,paeonic,n,,,,,
20,5,f,1,do,,,l,,e,e,,,,m,m,,,,,paeonic,n,,,,,
20,5,f,1,s eu,,,n,,b,b,,,,m,m,,,,,paeonic,,,,,,
20,5,g,1,s eu,,,c,,m,m,,,,m,m,,,,,paeonic,,,,,,
20,5,aF,1,wu,r,a,,,m,m,,,,m,m,,,,,paeonic,,,,,,
20,5,g,2,drou,,,l,,e,e,,,,m,m,,,,,paeonic,,,,,,
20,6,g,2,nA,r,a,,,b,b,,,,m,m,,,,,paeonic,,,,,,
20,6,eF,1,ma,,,l,,e,e,,,,m,m,,,,,paeonic,,,,,,
20,6,f,1,t' e,,,,f,b,b,,,,m,m,,,,,paeonic,,,,,,
20,6,f,1,pi,,,c,f,m,m,,,,m,m,,,,,paeonic,,,,,,
20,6,f,2,nI,r,a,,,m,m,,,,m,m,,,,,paeonic,,,,,,
20,6,dF,1,se,,,,,m,m,,,,m,m,,,,,paeonic,,,,,,
20,6,dF,1,tai,,,p,,e,e,,,,e,e,,,,,paeonic,,,,,,
20,6,c,2,del,,,,,b,b,,,,b,b,,,,,paeonic,n,hyperbaton,,,,
20,6,c,1,Po,p,g,lf,,e,e,,,,m,m,,,,,paeonic,n,hyperbaton,,,,
20,6,c,1,n a,,,,,b,,,b,,m,m,proclitic,,,,paeonic,,,,,,
20,6,c,1,na,p,g,fl,,e,,,m,,m,m,proclitic,,,,paeonic,,,,,,
20,6,c,1,prO,r,c,n,,b,b,,m,,m,m,,,,,paeonic,,,,,,
20,6,AF,1,prO,r,c,,,m,m,,m,,m,m,,,,,paeonic,,,,,,
20,6,AF,1,na,,,l,,e,e,,e,,e,m,,,,,paeonic,,,,,,
20,6,c,1,man,,,n,,b,b,,,,b,m,,,,,paeonic,,hyperbaton,,,,
20,6,d,1,man,,,,,m,m,,,,m,m,,,,,paeonic,,hyperbaton,,,,
20,7,eF,1,tei,p,c,n,,m,m,,,,m,m,,,,,paeonic,,hyperbaton,,,,
20,7,d,1,tei,p,c,,,m,m,,,,m,m,,,,,paeonic,,hyperbaton,,,,
20,7,c,1,jo,,,l,,e,e,,,,m,m,,,,,paeonic,,hyperbaton,,,,
20,7,c,1,n e,,,c,g,b,b,,,,m,m,,,,,paeonic,,,,,,
20,7,c,1,Pe,r,a,,,m,m,,,,m,m,,,,,paeonic,,,,,,
20,7,G,2,pOn,,,l,,e,e,,,,m,m,,,,,paeonic,,,,,,
20,7,G,1,pa,r,a,,,b,b,,,,m,m,,,,,paeonic,,,,,,
20,7,G,2,gon,,,p,,e,e,,,,e,e,,p,e,,paeonic,,,,,,
20,8,,,En,p,g,fl,,s,,,,,,b,,,b,i,paeonic,,,,,,I assume En is prepositive like idoú.
20,8,,,klu,,,,,b,b,,,,,m,,,,,paeonic,,,,,,
20,8,f,2,tA,p,g,l,,e,e,,,,,m,,,,,paeonic,,,,,,
20,8,f,1,me,,,,l,b,b,,,,,m,,,,,paeonic,,,,,,
20,8,g,1,ga,,,,l,m,m,,,,,m,,,,,paeonic,,,,,,
20,8,aF,1,lo,r,a,c,l,m,m,,,,,m,,,,,paeonic,,,,,,
20,8,g,1,po,,,,,m,m,,,,,m,,,,,paeonic,,,,,,
20,8,g,1,li,,,l,,e,e,,,,,m,,,,,paeonic,,,,,,
20,8,g,2,s aT,,,,,b,b,,,,,m,,,,,paeonic,n,,,,,
20,8,g,1,Ti,p,a,l,,e,e,,,,,m,,,,,paeonic,n,,,,,
20,8,g,2,s eu,,,,,b,b,,,,,m,,,,,paeonic,,,,,,
20,8,g,1,Kai,p,c,n,,m,m,,,,,m,,,,,paeonic,,,,,,
20,8,,1,Kai,p,c,,,m,m,,,,,m,,,,,paeonic,,,,,,
20,8,d,1,si,,,p,,e,e,,,,,e,,,,,paeonic,,,,,,"against dagm, with agm, I take the phrase to end with euKaisi"
20,8,dF,1,Pe,,,c,l,b,b,,,,,b,,,,,paeonic,,hyperbaton,,,,
20,8,c,1,ro,r,a,,,m,m,,,,,m,,,,,paeonic,,hyperbaton,,,,
20,9,B,2,ploi,,,,,m,m,,,,,m,,,,,paeonic,,hyperbaton,,,,
20,9,B,1,jo,,,l,,e,e,,,,,m,,,,,paeonic,,hyperbaton,,,,
20,9,d,2,nai,r,a,,,b,b,,,,,m,,,,,paeonic,,,,,,
20,9,dF,2,jou,,,,,m,m,,,,,m,,,,,paeonic,,,,,,
20,9,d,1,sa,,,l,,e,e,,,,,m,,,,,paeonic,,,,,,
20,9,f,2,trI,,,,,b,b,,,,,m,,,,,paeonic,n,,,,,
20,9,f,1,tO,,,n,,m,m,,,,,m,,,,,paeonic,n,,,,,
20,9,g,1,tO,,,,,m,m,,,,,m,,,,,paeonic,n,,,,,
20,9,aF,1,ni,p,a,,,m,m,,,,,m,,,,,paeonic,n,,,,,
20,9,g,2,dos,,,l,,e,e,,,,,m,,,,,paeonic,n,,,,,
20,9,g,1,da,r,a,c,l,b,b,,,,,m,,,,,paeonic,,,,,,
20,9,,1,pe,,,,,m,m,,,,,m,,,,s,paeonic,,,,,,
20,9,eF,1,do,,,l,,e,e,,,,,m,,,,,paeonic,,,,,,
20,9,f,2,n aT,r,a,c,g,b,b,,,,,m,,,,,paeonic,,,,,,
20,9,c,2,raus,,,,,m,m,,,,,m,,,,,paeonic,,,,,,
20,9,c,1,to,,,p,,e,e,,,,,e,,,,,paeonic,,,,,,
20,9,f,1,n ha,,,,,b,b,,b,,b,b,,,,,paeonic,,,,,,
20,9,gF,1,gi,r,a,,,m,m,,m,,m,m,,,,,paeonic,,,,,,
20,10,f,2,ois,,,lf,,e,e,,m,,m,m,,,,,paeonic,,,,,,
20,10,dF,1,de,P,g,fl,,s,,,e,,m,m,postpositive,,,,paeonic,,,,,,
20,10,d,1,bO,,,,,b,b,,,,m,m,,,,,paeonic,,,,,,
20,10,f,1,moi,p,c,n,,m,m,,,,m,m,,,,,paeonic,,,,,,
20,10,B,1,moi,p,c,,,m,m,,,,m,m,,,,,paeonic,,,,,,
20,10,c,1,si,,,l,,e,e,,,,e,m,,,,,paeonic,,,,,,
20,10,f,2,n hA,r,a,,,b,b,,,,b,m,,,,,paeonic,n,,,,,
20,10,d,2,Pais,,,,,m,m,,,,m,m,,,,,paeonic,n,,,,,
20,10,c,1,to,,,l,,e,e,,,,m,m,,,,,paeonic,n,,,,,
20,10,dF,1,s ai,r,a,n,,b,b,,,,m,m,,,,,paeonic,,,,,,
20,10,d,1,s ai,r,a,,,m,m,,,,m,m,,,,,paeonic,,,,,,
20,10,dF,2,Tei,,,l,,e,e,,,,m,m,,,,,paeonic,,,,,,
20,10,dF,1,ne,r,a,,,b,b,,,,m,m,,,,,paeonic,,hyperbaton,,,,
20,10,c,2,On,,,l,,e,e,,,,m,m,,,,,paeonic,,hyperbaton,,,,
20,10,c,2,mE,r,c,,,b,b,,,,m,m,,,,,paeonic,,,,,,
20,10,c,1,ra,,,l,,e,e,,,,m,m,,,,,paeonic,,,,,,
20,10,dF,1,tau,r,a,n,,b,b,,,,m,m,,,,,paeonic,,,,,,
20,10,c,1,tau,r,a,,,m,m,,,,m,m,,,,,paeonic,,,,,,
20,11,B,2,rO,,,p,,e,e,,,,m,e,,,e,,paeonic,,,,,,
20,11,B,1,n ho,,,,,b,b,,b,,e,b,,,b,,paeonic,,,,,,phrasing?
20,11,d,1,mou,p,c,n,,m,m,,m,,,m,,,b,,paeonic,,,,,,phrasing?
20,11,dF,1,mou,p,c,f,,e,e,,m,,,m,,,,,paeonic,,,,,,phrasing?
20,11,f,1,de,P,a,f,,s,,b,m,,,m,postpositive,,,,paeonic,,,,,,phrasing?
20,11,c,1,ni,,,fl,,s,,e,e,,,m,enclitic,,,,paeonic,,,,,,phrasing?
20,11,g,1,n a,r,a,,,b,b,,,,,m,,,,,paeonic,,,,,,
20,11,eF,2,rap,,,l,,e,e,,,,,m,,,,,paeonic,,,,,,
20,11,d,2,s at,,,,,b,b,,,,,m,,,,,paeonic,,,,,,
20,11,eF,1,mo,p,g,lf,,e,e,,,,,m,,,,,paeonic,,,,,,
20,11,f,1,s e,P,G,fl,,s,,,b,,,m,proclitic,,,,paeonic,,,,,,
20,11,f,1,s o,r,a,,,b,b,,m,,,m,,,,s,paeonic,n,,,,,
20,11,eF,2,lum,,,,,m,m,,m,,,m,,,,s,paeonic,n,,,,,
20,11,AF,1,po,,,l,,e,e,,e,,,m,,,,,paeonic,n,,,,,
20,11,B,1,n a,,,,f,b,b,,,,,m,,,,,paeonic,,,,,,
20,11,c,1,na,,,,f,m,m,,,,,m,,,,,paeonic,,,,,,
20,12,dF,2,kid,r,a,,,m,m,,,,,m,,,,,paeonic,,,,,,
20,12,c,1,na,,,,,m,m,,,,,m,,,,s,paeonic,,,,,,
20,12,B,2,tai,,,p,,e,e,,,,,e,,,,,paeonic,,,,,,
20,12,AF,1,li,,,,,b,b,,b,,,b,,,,,paeonic,,,,,,
20,12,B,1,gu,p,g,lf,,e,e,,m,,,m,,,,,paeonic,,,,,,
20,12,B,1,de,P,g,fl,,s,,,e,,,m,postpositive,,,,paeonic,,,,,,
20,12,B,2,lO,,,,,b,b,,,,,m,,,,,paeonic,,,,,,
20,12,B,1,tos,p,g,n,,m,m,,,,,m,,,,,paeonic,,,,,,
20,12,c,1,tos,p,g,l,,e,e,,,,,m,,,,,paeonic,,,,,,
20,12,dF,1,bre,r,a,,,b,b,,,,,m,,,,,paeonic,,,,,,
20,12,c,2,mO,,,,,e,e,,,,,m,,,,,paeonic,,,,,,
20,12,c,1,n ai,,,n,,b,b,,,,,m,,,,,paeonic,,,,,,
20,12,dF,1,n ai,,,,,m,m,,,,,m,,,,,paeonic,,,,,,
20,12,d,1,jo,p,a,,,m,m,,,,,m,,,,,paeonic,,,,,,
20,12,dF,1,lois,,,n,,m,m,,,,,m,,,,,paeonic,,,,,,
20,12,c,1,lois,,,l,,e,e,,,,,m,,,,,paeonic,,,,,,
20,13,dF,1,me,r,a,,,b,b,,,,,m,,,,s,paeonic,,,,,,
20,13,c,1,le,,,,,m,m,,,,,m,,,,,paeonic,,,,,,
20,13,AF,1,si,,,l,,e,e,,,,,m,,,,,paeonic,,,,,,
20,13,B,2,n Oi,,,,,b,b,,,,,m,,,,,paeonic,,,,,,
20,13,B,1,dAn,p,g,n,,m,m,,,,,m,,,,,paeonic,,,,,,
20,13,c,1,dAn,p,g,l,,e,e,,,,,m,,,,,paeonic,,,,,,
20,13,dF,1,kre,r,a,,,b,b,,,,,m,,,,,paeonic,,,,,,
20,13,c,2,kei,,,p,,e,e,,,,,e,,,,,paeonic,,,,,,
20,13,f,2,KrU,,,,,b,b,,b,,,b,,,,,paeonic,,,,,,
20,13,f,1,se,r,a,,,m,m,,m,,,m,,,,,paeonic,,,,,,
20,13,dF,2,A,,,lfl,,e,e,,e,,,m,,,,,paeonic,,,,,,
20,13,d,2,d' hA,,,,l,b,b,,,,,m,elided postpositive,,,,paeonic,,,,,,
20,13,f,1,du,r,a,c,l,m,m,,,,,m,,,,,paeonic,,,,,,
20,13,c,2,Trous,,,l,,e,e,,,,,m,,,,,paeonic,,,,,,
20,14,,1,ki,r,a,,,b,b,,,,,m,,,,s,paeonic,,,,,,
20,14,d,1,Ta,,,,,m,m,,,,,m,,,,,paeonic,,,,,,
20,14,dF,1,ri,,,l,,e,e,,,,,m,,,,,paeonic,,,,,,
20,14,c,2,s hum,r,a,,,b,b,,,,,m,,,,,paeonic,,,,,,
20,14,B,2,noi,,,,,m,m,,,,,m,,,,,paeonic,,,,,,
20,14,AF,1,si,,,l,,e,e,,,,,m,,,,,paeonic,,,,,,
20,14,B,1,n a,,,,f,b,b,,,,,m,,,,,paeonic,,,,,,
20,14,c,1,na,,,c,f,m,m,,,,,m,,,,,paeonic,,,,,,
20,14,dF,2,mel,r,a,,,m,m,,,,,m,,,,,paeonic,,,,,,
20,14,c,1,pe,,,,,m,m,,,,,m,,,,,paeonic,,,,,,
20,14,B,2,tai,,,p,,e,e,,,,,e,,p,e,,paeonic,,,,,,
20,15,G,1,ho,P,G,f,,s,,,b,,b,b,proclitic,,b,,paeonic,,,,,,
20,15,g,1,de,P,g,fl,,s,,,m,,m,m,postpositive,,,,paeonic,,,,,,
20,15,,,te,,,,,b,b,,m,,m,m,,,,s,paeonic,,,,,,
20,15,,,KnI,,,,,m,m,,m,,m,m,,,,s,paeonic,,,,,,
20,15,aF,1,tOn,p,c,n,,m,m,,m,,m,m,,,,,paeonic,,,,,,
20,15,f,1,tOn,p,c,l,,e,e,,e,,m,m,,,,,paeonic,,,,,,
20,15,g,1,pro,r,a,,,b,b,,,,m,m,,,,,paeonic,,,,,,
20,15,eF,2,pA,,,l,,e,e,,,,m,m,,,,,paeonic,,,,,,
20,15,f,2,s hes,,,,,b,b,,,,m,m,,,,,paeonic,,,,,,
20,15,f,1,mo,p,g,l,,e,e,,,,e,m,,,,,paeonic,,,,,,
20,15,f,2,s aT,,,,,b,b,,,,b,m,,,,,paeonic,n,,,,,
20,15,aF,1,Ti,p,a,,,m,m,,,,m,m,,,,,paeonic,n,,,,,
20,15,aF,1,da,,,l,,e,e,,,,m,m,,,,,paeonic,n,,,,,
20,15,g,1,la,,,,,b,b,,,,m,m,,,,,paeonic,,,,,,
20,15,g,2,KO,p,g,l,,e,e,,,,e,m,,,,,paeonic,,,,,,
20,16,,,n ag,,,,,b,b,,,,b,m,,,,i,paeonic,,,,,,
20,16,,,la,,,,,m,m,,,,m,m,,,,i,paeonic,,,,,,
20,16,,,id,r,a,,,m,m,,,,m,m,,,,i,paeonic,,,,,,
20,16,eF,2,zei,,,l,,e,e,,,,m,m,,,,,paeonic,,,,,,
20,16,f,1,klu,,,,,b,b,,,,m,m,,,,,paeonic,,,,,,
20,16,f,2,ton,p,g,l,,e,e,,,,m,m,,,,,paeonic,,,,,,
20,16,aF,2,pai,?,c,,,b,b,,,,m,m,,,,,paeonic,,,,,,
20,16,g,1,da,,,l,,e,e,,,,m,m,,,,,paeonic,,,,,,
20,16,g,1,me,,,,,b,b,,,,m,m,,,,,paeonic,,,,,,
20,16,aF,1,ga,r,a,,,m,m,,,,m,m,,,,,paeonic,,,,,,
20,16,f,2,lou,,,l,,e,e,,,,m,m,,,,,paeonic,,,,,,
20,16,,,di,,,,,b,b,,,,m,m,,,,s,paeonic,n,,,,,
20,16,,,os,p,a,p,,e,e,,,,e,e,,,,s,paeonic,n,,,,,
20,17,,,soi,?,g,f,,u,u,,b,,,u,,,,i,paeonic,,focus,,,,
20,17,,,ga,P,g,fl,,u,u,,e,,,u,postpositive,,,i,paeonic,,,,,,
20,17,,,r e,r,a,,,u,u,,,,,u,,,,i,paeonic,,,,,,
20,17,c,1,po,,,l,,u,u,,,,,u,,,,i,paeonic,,,,,,
20,17,d,1,r' a,,,,l,b,b,,,,,u,,,,,paeonic,,hyperbaton,,,,
20,17,eF,1,kro,,,c,l,m,m,,,,,m,,,,,paeonic,,hyperbaton,,,,
20,17,f,1,ni,,,,,m,m,,,,,m,,,,,paeonic,,hyperbaton,,,,
20,17,g,2,PE,p,c,lf,,e,e,,,,,m,,,,,paeonic,,hyperbaton,,,,
20,17,aF,2,ton,P,a,,,b,,,b,,,m,prepositive,,,,paeonic,,,,,,
20,17,g,1,de,,,fl,,e,,,m,,,m,postpositive,,,,paeonic,,,,,,
20,17,aF,1,pa,r,a,,,b,b,,m,,,m,,,,,paeonic,,,,,,
20,17,f,1,go,,,p,,e,e,,e,,,e,,,,,paeonic,,,,,,
20,17,f,1,n am,r,a,n,f,b,b,,,,,b,,,,,paeonic,,prolepsis,,,,
20,17,g,1,n am,r,a,c,f,m,m,,,,,m,,,,,paeonic,,prolepsis,,,,
20,17,,,bro,,,l,,u,u,,,,,m,,,,i,paeonic,,prolepsis,,,,
20,17,,,t' ap,,,c,f,u,u,,,,,m,,,,i,paeonic,,prolepsis,,,,
20,18,,,seu,,,,,u,u,,,,,m,,,,i,paeonic,,prolepsis,,,,
20,18,,,de',p,a,p,,u,u,,,,,m,,,,i,paeonic,,prolepsis,,,,
20,18,,,hou,P,c,f,,u,u,,b,,,m,prepositive,,,i,paeonic,,,,,,phrasing
20,18,aF,2,pA,r,c,,,b,b,,m,,,m,,,,,paeonic,,,,,,phrasing
20,18,g,1,si,,,fl,,e,e,,e,,,m,,,,,paeonic,,,,,,phrasing
20,18,g,2,TnA,,,,,b,b,,,,,m,,,,,paeonic,,,,,,phrasing
20,18,dF,1,tois,p,c,n,,m,m,,,,,m,,,,,paeonic,,,,,,phrasing
20,18,f,1,tois,p,c,l,,e,e,,,,,m,,,,,paeonic,,,,,,phrasing
20,18,g,1,pro,,,c,f,b,b,,,,,m,,,,,paeonic,,,,,,
20,18,g,2,Pai,r,a,,,m,m,,,,,m,,,,,paeonic,,,,,,
20,18,f,1,neis,,,n,,m,m,,,,,m,,,,,paeonic,,,,,,
20,18,,1,neis,,,l,,u,u,,,,,u,,,,i,paeonic,,,,,,
20,18,,,lo,r,a,,,u,u,,,,,u,,,,i,paeonic,,,,,,
20,18,,,gi,,,,,u,u,,,,,u,,,,i,paeonic,,,,,,
20,18,,,a,,,p,,u,u,,,,,u,,,e,i,paeonic,,,,,,
20,19,c,1,tri,r,a,,,b,b,,,,,b,,,b,s,paeonic,,prolepsis,,,,
20,19,AF,1,po,,,,,m,m,,,,,m,,,,,paeonic,,prolepsis,,,,
20,19,c,1,da,,,l,,e,e,,,,,m,,,,,paeonic,,prolepsis,,,,
20,19,c,2,man,,,,,b,b,,,,,m,,,,,paeonic,,prolepsis,,,,
20,19,d,1,tei,p,c,n,,m,m,,,,,m,,,,,paeonic,,prolepsis,,,,
20,19,c,1,tei,p,c,,,m,m,,,,,m,,,,,paeonic,,prolepsis,,,,
20,19,d,1,jo,,,lf,,e,e,,,,,m,,,,,paeonic,,prolepsis,,,,
20,19,eF,2,n hO,P,G,fl,,s,,,b,,,m,proclitic,,,,paeonic,,,,,,
20,19,f,1,s hei,r,c,n,,b,b,,m,,,m,,,,,paeonic,,,,,,
20,19,eF,1,s hei,r,c,,,m,m,,m,,,m,,,,,paeonic,,,,,,
20,19,,,le,,,p,,u,u,,e,,,u,,,,i,paeonic,,,,,,
20,19,,,s hon,P,g,fl,,u,u,b,b,,,u,prepositive,,,i,paeonic,,,,,,
20,19,,,me,p,a,,,u,u,m,m,,,u,,,,i,paeonic,,hyperbaton,,,,
20,19,,,ga,,,l,,u,u,e,e,,,u,,,,i,paeonic,,hyperbaton,,,,
20,19,,,s e,,,,,b,b,,,,,u,,,,s,paeonic,,,,,,
20,19,eF,1,Prou,r,a,n,,m,m,,,,,m,,,,,paeonic,,,,,,
20,19,aF,1,Prou,r,a,,,m,m,,,,,m,,,,,paeonic,,,,,,
20,20,f,1,rei,,,n,,m,m,,,,,m,,,,,paeonic,,,,,,
20,20,g,1,rei,,,l,,e,e,,,,,m,,,,,paeonic,,,,,,
20,20,aF,1,dra,r,a,,,b,b,,,,,m,,,,,paeonic,,,,,,
20,20,g,2,kO,,,p,,e,e,,,,,e,,,,,paeonic,,,,,,
20,20,g,1,n ho,r,a,,,b,,,b,,,b,prepositive,,,,paeonic,,,,,,
20,20,G,1,te,,,fl,,e,,,m,,,m,prepositive,,,,paeonic,,,,,,
20,20,g,1,te,r,a,,,b,b,,m,,,m,,,,,paeonic,,,,,,
20,20,,,kos,,,l,,u,u,,e,,,u,,,,i,paeonic,,,,,,
20,20,,,gA,r,c,n,,u,u,,,,,u,,,,i,paeonic,n,,,,,
20,20,,,gA,r,c,l,,u,u,,,,,u,,,,i,paeonic,n,,,,,
20,20,,,s a,,,c,f,u,u,,,,,u,,,,i,paeonic,,,,,,
20,20,,,pes,r,a,,,u,u,,,,,u,,,,i,paeonic,,,,,,
20,20,d,1,tE,,,n,,m,m,,,,,m,,,,,paeonic,,,,,,
20,20,B,1,tE,,,,,m,m,,,,,m,,,,,paeonic,,,,,,"note: misprint in DAGM; see Rocconi's review; B is correct, not eF."
20,20,f,1,sa,,,p,,e,e,,,,,e,,,,,paeonic,,,,,,
20,20,f,2,s ai,,,,,b,b,,,,,b,,,,,paeonic,,,,,,
20,21,aF,1,jo,p,a,,,m,m,,,,,m,,,,,paeonic,,,,,,
20,21,aF,1,lo,,,l,,e,e,,,,,m,,,,,paeonic,,,,,,
20,21,g,1,n he,,,,,b,b,,,,,m,,,,,paeonic,,,,,,
20,21,g,2,lik,,,,,m,m,,,,,m,,,,,paeonic,,,,,,
20,21,g,2,tAn,p,g,l,,e,e,,,,,m,,,,,paeonic,,,,,,
20,21,,,Pu,,,,,u,u,,,,,u,,,,i,paeonic,,,,,,
20,21,,,A,p,a,p,,u,u,,,,,u,,,,i,paeonic,,,,,,
20,21,,,n es,r,a,f,,u,u,,b,,,u,prepositive,,,i,paeonic,,,,,,
20,21,,,T' ho,P,G,fl,,u,u,,m,,,u,proclitic,,,i,paeonic,,,,,,
20,21,,,THr,p,g,l,,u,u,,e,,,u,,,,i,paeonic,,,,,,
20,21,,,puk,,,,,u,u,,,,,u,,,,i,paeonic,,,,,,
20,21,,,na,p,g,l,,u,u,,,,,u,,,,i,paeonic,,,,,,
20,21,,1,sU,,,n,,b,b,,,,,u,,,,,paeonic,,,,,,
20,21,d,1,sU,,,,,m,m,,,,,m,,,,,paeonic,,,,,,
20,22,eF,2,riG,r,a,,,m,m,,,,,m,,,,,paeonic,,,,,,
20,22,c,1,ma,,,l,,e,e,,,,,m,,,,,paeonic,,,,,,
20,22,d,1,T' hI,,,n,,b,b,,,,,m,,,,,paeonic,,,,,,
20,22,eF,1,T' hI,,,,,m,m,,,,,m,,,,,paeonic,,,,,,
20,22,f,2,ei,p,g,l,,e,e,,,,,m,,,,,paeonic,,,,,,
20,22,f,1,s a,,,c,f,b,b,,,,,m,,,,,paeonic,,,,,,
20,22,aF,2,TO,r,a,,,m,m,,,,,m,,,,,paeonic,,,,,,
20,22,aF,2,peu,,,l,,u,u,,,,,m,,,,,paeonic,,,,,,
20,22,,,t' a,,,c,f,u,u,,,,,u,,,,i,paeonic,,,,,,
20,22,,,pep,r,a,,,u,u,,,,,u,,,,i,paeonic,,,,,,
20,22,,,neu,,,l,,u,u,,,,,u,,,,i,paeonic,,,,,,
20,22,,,s' ho,,,,,u,u,,,,,u,,,,i,paeonic,,,,,,
20,22,,,mOs,p,c,p,,u,u,,,,,u,,p,e,i,paeonic,,,,,,
20,23,,,hOs,P,G,f,,s,s,,b,,,b,proclitic,,b,i,paeonic,,,,,,
20,23,g,1,de,P,g,fl,,s,,,m,,,m,postpositive,,,,paeonic,,,,,,
20,23,g,1,ga,,,,,b,b,,m,,,m,,,,,paeonic,n,,,,,
20,23,aF,1,la,,,,,m,m,,m,,,m,,,,,paeonic,n,,,,,
20,23,a,1,tA,p,c,n,,m,m,,m,,,m,,,,,paeonic,n,,,,,
20,23,aF,1,tA,p,c,l,,e,e,,e,,,m,,,,,paeonic,n,,,,,
20,23,aF,1,n a,r,a,,,b,b,,,,,m,,,,,paeonic,,,,,,
20,23,g,2,rEs,,,l,,e,e,,,,,u,,,,,paeonic,,,,,,
20,23,,,bar,r,a,,,u,u,,,,,u,,,,i,paeonic,,,,,,
20,23,,,ba,,,,,u,u,,,,,u,,,,i,paeonic,,,,,,
20,23,,,ros,,,p,,u,u,,,,,u,,,,i,paeonic,,,,,,
20,23,,,tAn,P,a,f,,u,u,,,,,u,prepositive,,,i,paeonic,,prolepsis,,,,phrasing?
20,23,,,d' ho,P,g,f,,u,u,,,,,u,prepositive2,,,i,paeonic,,,,,,phrasing?
20,23,,,s e,,,,,u,u,,,,,u,proclitic,,,i,paeonic,,,,,,phrasing?
20,23,,,pi,p,g,fl,,u,u,,,,,u,proclitic,,,i,paeonic,,,,,,phrasing?
20,23,,,gai,r,c,,,u,u,,,,,u,,,,i,paeonic,,,,,,phrasing?
20,23,,,ja,,,l,,u,u,,,,,u,,,,i,paeonic,,,,,,phrasing?
20,23,,,n e,,,,,b,b,,,,,u,,,,,paeonic,,,,,,
20,23,,,pe,r,a,,,m,m,,,,,u,,,,,paeonic,,,,,,
20,24,d,1,rA,,,n,,m,m,,,,,m,,,,,paeonic,,,,,,
20,24,eF,1,rA,,,l,,e,e,,,,,m,,,,,paeonic,,,,,,
20,24,f,1,s' a,,,c,f,b,b,,,,,m,,,,,paeonic,,,,,,
20,24,aF,2,sep,r,a,,,m,m,,,,,m,,,,,paeonic,,,,,,
20,24,,,tOs,,,p,,e,e,,,,,e,,,,s,paeonic,,,,,,
20,24,,,Ki,,,,,b,b,,,,,b,,,,i,paeonic,,hyperbaton,,,,
20,24,,,o,p,a,,,m,m,,,,,m,,,,i,paeonic,,hyperbaton,,,,
20,24,,,no,,,l,,e,e,,,,,m,,,,i,paeonic,,hyperbaton,,,,
20,24,,,s O,r,a,,,b,b,,,,,m,,,,i,paeonic,,,,,,
20,24,,,le,,,l,,e,e,,,,,m,,,,i,paeonic,,,,,,
20,24,,,T' hug,,,,,b,b,,,,,m,,,,i,paeonic,,,,,,
20,24,,,rais,p,c,l,,e,e,,,,,m,,,,i,paeonic,,,,,,
20,24,,,Ko,,,,,b,b,,,,,m,,,,i,paeonic,,,,,,
20,24,,,ais,p,c,p,,e,e,,,,,e,,p,e,i,paeonic,,,,,,
20,25,,,al,,,fl,,s,,,b,,,b,proclitic,,b,i,paeonic,,,,,,
20,25,g,1,l' i,,,,,b,b,,m,,,b,,,b,,paeonic,,,,,,
20,25,g,2,O,p,g,l,,e,e,,e,,,m,,,,,paeonic,,,,,,
20,25,g,1,gen,r,a,,,b,b,,,,,m,,,,,paeonic,,,,,,
20,25,aF,1,gen,r,a,,,m,m,,,,,m,,,,,paeonic,,,,,,
20,25,f,1,na,,,lu,,u,u,,,,,u,,,,,paeonic,,,,,,
20,25,,,,,,,,u,u,,,,,u,,,,,paeonic,,,,,,
20,25,,,,,,,,u,u,,,,,u,,,,,paeonic,,,,,,
20,25,,,,,,,,u,u,,,,,u,,,,,paeonic,,,,,,
20,25,,,,,,,,u,u,,,,,u,,,,,paeonic,,,,,,
20,25,,,,,,,,u,u,,,,,u,,,,,paeonic,,,,,,
20,25,,,,,,,,u,u,,,,,u,,,,,paeonic,,,,,,
20,25,,,,,,,,u,u,,,,,u,,,,,paeonic,,,,,,
20,26,,,,,,,,u,u,,,,,u,,,,,paeonic,,,,,,
20,26,,1,Ta,r,a,,,b,b,,,,,u,,,,s,paeonic,,,,,,
20,26,g,2,los,,,l,,e,e,,,,,m,,,,,paeonic,,,,,,
20,26,g,1,Pi,,,,l,b,b,,,,,m,,,,,paeonic,,,,,,
20,26,aF,1,lo,r,a,c,l,m,m,,,,,m,,,,,paeonic,,,,,,
20,26,,1,ma,,,,,m,m,,,,,m,,,,i,paeonic,,,,,,
20,26,,2,Kon,,,lu,,e,e,,,,,u,,,,i,paeonic,,,,,,
20,26,,,,,,,,u,u,,,,,u,,,,,paeonic,,,,,,
20,26,,,,,,,,u,u,,,,,u,,,,,paeonic,,,,,,
20,26,,,,,,,,u,u,,,,,u,,,,,paeonic,,,,,,
20,26,,,,,,,,u,u,,,,,u,,,,,paeonic,,,,,,
20,26,,,,,,,,u,u,,,,,u,,,,,paeonic,,,,,,
20,26,,,,,,,,u,u,,,,,u,,,,,paeonic,,,,,,
20,27,,,,,,,,,,,,,,u,,,,,paeonic,,,,,,
20,27,,,,,,,,,,,,,,u,,,,,paeonic,,,,,,
20,27,,1,dA,r,a,n,,b,b,,,,,u,,,,,paeonic,,,,,,
20,27,aF,1,dA,r,a,,,m,m,,,,,m,,,,,paeonic,,,,,,
20,27,f,2,moi,,,,,m,m,,,,,m,,,,,paeonic,,,,,,
20,27,f,1,jo,,,l,,e,e,,,,,m,,,,,paeonic,,,,,,
20,27,g,2,loi,,,,,b,b,,,,,m,,,,,paeonic,,,,,,
20,27,,2,gon,p,a,lu,,e,e,,,,,u,,,,s,paeonic,,,,,,
20,27,,,,,,,,,,,,,,u,,,,,paeonic,,,,,,
20,27,,,,,,,,,,,,,,u,,,,,paeonic,,,,,,
20,27,,,,,,,,,,,,,,u,,,,,paeonic,,,,,,
20,27,,,,,,,,,,,,,,u,,,,,paeonic,,,,,,
20,27,,,,,,,,,,,,,,e,,,e,,paeonic,,,,,,
21,1,,1,i,r,a,lf,,s,s,,,,,b,,,b,,paeonic,,,,,,
21,1,f,1,t' e,,,,,b,,,b,,,m,proclitic,,,,paeonic,,,,,,
21,1,f,1,pi,p,g,fl,,e,,,m,,,m,proclitic,,,,paeonic,,,,,,
21,1,f,2,tE,,,,l,b,b,,m,,,m,,,,,paeonic,,hyperbaton,,,,
21,1,f,2,les,r,a,c,l,m,m,,m,,,m,,,,,paeonic,,hyperbaton,,,,
21,1,e,1,ko,,,,,m,m,,m,,,m,,,,,paeonic,,hyperbaton,,,,
21,1,e,2,pon,,,lf,,e,e,,e,,,m,,,,,paeonic,,hyperbaton,,,,
21,1,e,1,tAn,P,a,n,,b,,,b,,,m,prepositive,,,,paeonic,,,,,,
21,1,d,1,tAn,P,a,,,m,,,m,,,m,prepositive,,,,paeonic,,,,,,
21,1,d,1,de,,,fl,,e,,,m,,,m,prepositive,,,,paeonic,,,,,,
21,1,A,2,par,,,,,b,b,,m,,,m,,,,,paeonic,n,,,,,
21,1,,,nA,,,,,m,m,,m,,,m,,,,s,paeonic,n,,,,,
21,1,,,si,R,a,,,m,m,,m,,,m,,,,s,paeonic,n,,,,,
21,1,e,2,An,,,l,,e,e,,e,,,m,,,,,paeonic,n,,,,,
21,1,,,Pi,,,,l,b,b,,,,,m,,,,i,paeonic,,,,,,
21,1,,,lo,r,a,c,l,m,m,,,,,m,,,,i,paeonic,,,,,,
21,1,,,Ko,,,,,m,m,,,,,m,,,,i,paeonic,,,,,,
21,1,,,ron,,,l,,e,e,,,,,m,,,,i,paeonic,,,,,,
21,2,d,1,di,,,c,l,b,b,,,,,m,,,,,paeonic,,,,,,
21,2,e,1,ko,r,a,,,m,m,,,,,m,,,,,paeonic,,,,,,
21,2,d,1,ru,,,,,m,m,,,,,m,,,,,paeonic,,,,,,
21,2,f,2,Pon,,,l,,e,e,,,,,m,,,,,paeonic,,,,,,
21,2,d,1,klei,,,n,,b,b,,,,,m,,,,,paeonic,,,,,,
21,2,BF,1,klei,,,,,m,m,,,,,m,,,,,paeonic,,,,,,
21,2,d,1,tu,p,a,p,,e,e,,,,,e,,,,,paeonic,,,,,,
21,2,e,2,n hum,r,a,,,b,b,,,,,b,,,,,paeonic,,hyperbaton,,,,
21,2,e,1,nOn,,,n,,m,m,,,,,m,,,,,paeonic,,hyperbaton,,,,
21,2,BF,1,nOn,,,l,,e,e,,,,,m,,,,,paeonic,,hyperbaton,,,,
21,2,,,ka,,,c,f,b,b,,b,,,m,,,,,paeonic,,,,,,
21,2,,,tar,r,a,,,u,u,,m,,,m,,,,i,paeonic,,,,,,
21,2,d,1,Ke,,,,,u,u,,m,,,m,,,,i,paeonic,,,,,,
21,2,,,te,,,lff,,u,u,,e,,,m,,,,i,paeonic,,,,,,
21,2,,,d' e,,,,,u,u,,,,,m,elided postpositive,,,i,paeonic,,,,,,
21,2,,,mOn,p,c,p,,u,u,,,,,e,,,,i,paeonic,,,,,,
21,3,,,pI,,,,,b,b,,,,,b,,,,,paeonic,n,,,,,
21,3,,,e,,,,,m,m,,,,,m,,,,,paeonic,n,,,,,
21,3,,,ri,p,a,,,m,m,,,,,m,,,,,paeonic,n,,,,,
21,3,f,1,de,,,p,,e,e,,,,,e,,,,,paeonic,n,,,,,
21,3,g,2,s hai,P,g,fl,,s,,,b,,,b,prepositive,,,,paeonic,,,,,,
21,3,g,1,ni,,,,l,b,b,,m,,,m,,,,,paeonic,,,,,,
21,3,g,1,Po,,,c,l,m,m,,m,,,m,,,,,paeonic,,,,,,
21,3,g,1,bo,r,a,,,m,m,,m,,,m,,,,,paeonic,,,,,,
21,3,eF,2,lous,,,l,,e,e,,e,,,m,,,,,paeonic,,,,,,
21,3,eF,1,pe,r,a,,,b,b,,,,,m,,,,,paeonic,,,,,,
21,3,d,2,trAs,,,l,,e,e,,,,,m,,,,,paeonic,,,,,,
21,3,eF,2,nai,r,a,,,b,b,,,,,m,,,,,paeonic,,,,,,
21,3,,,je,,,l,,e,e,,,,,m,,,,,paeonic,,,,,,
21,3,,,T' he,,,,,b,b,,,,,m,,,,s,paeonic,n,,,,,
21,3,,,li,,,,,m,m,,,,,m,,,,s,paeonic,n,,,,,
21,3,BF,2,kO,,,,,m,m,,,,,m,,,,,paeonic,n,,,,,
21,3,f,1,ni,p,a,,,m,m,,,,,m,,,,,paeonic,n,,,,,
21,3,,,das,,,p,,e,e,,,,,e,,,,s,paeonic,n,,,,,
21,4,f,2,mel,r,a,,,b,b,,b,,,b,,,,,paeonic,,,,,,
21,4,BF,1,pe,,,,,m,m,,m,,,m,,,,,paeonic,,,,,,
21,4,f,1,te,,,lf,,e,e,,m,,,m,,,,,paeonic,,,,,,
21,4,f,1,de,P,g,fl,,s,,,e,,,m,postpositive,,,,paeonic,,,,,,
21,4,f,2,pU,r,a,,,b,b,,,,,m,,,,,paeonic,n,,,,,
21,4,e,1,Ti,,,,,m,m,,,,,m,,,,,paeonic,n,,,,,
21,4,e,2,on,,,l,,e,e,,,,,m,,,,,paeonic,n,,,,,
21,4,d,1,Kru,,,,l,b,b,,,,,m,,,,,paeonic,,,,,,
21,4,d,1,se,,,,l,m,m,,,,,m,,,,,paeonic,,,,,,
21,4,e,1,o,,,c,l,m,m,,,,,m,,,,,paeonic,,,,,,
21,4,f,2,Kai,r,a,,,m,m,,,,,m,,,,,paeonic,,,,,,
21,4,e,2,tA,,,l,,e,e,,,,,m,,,,,paeonic,,,,,,
21,4,e,1,n he,r,a,,,b,b,,,,,m,,,,,paeonic,,,,,,
21,4,,,ka,,,,,m,m,,,,,m,,,,s,paeonic,,,,,,
21,4,,,to,,,l,,e,e,,,,,m,,,,,paeonic,,,,,,
21,4,,,n eu,,,c,l,b,b,,,,,m,,,,,paeonic,,,,,,
21,4,,,lu,r,a,,,m,m,,,,,m,,,,,paeonic,,,,,,
21,4,BF,2,rAn,,,l,,e,e,,,,,m,,,,,paeonic,,,,,,
21,5,f,2,Poi,r,c,,,b,b,,,,,m,,,,,paeonic,n,,,,,
21,5,BF,1,bo,,,p,,e,e,,,,,e,,,,,paeonic,n,,,,,
21,5,BF,1,n ho,P,g,fl,,s,,,b,,b,b,prepositive,,,,paeonic,,,,,,
21,5,f,1,n e,r,a,,,b,b,,m,,m,m,,,,,paeonic,,,,,,
21,5,e,2,tik,,,,,m,m,,m,,m,m,,,,,paeonic,,,,,,
21,5,e,1,te,,,l,,e,e,,e,,m,m,,,,,paeonic,,,,,,
21,5,e,2,lA,,,,,b,b,,,,m,m,,,,,paeonic,n,,,,,
21,5,e,2,tO,p,g,l,,e,e,,,,m,m,,,,,paeonic,n,,,,,
21,5,e,1,ma,r,a,,,b,b,,,,m,m,,,,,paeonic,,,,,,
21,5,d,2,kai,,,,,m,m,,,,m,m,,,,,paeonic,,,,,,
21,5,d,1,ra,,,lf,,e,e,,,,e,m,,,,,paeonic,,,,,,
21,5,d,1,pa,,,,,b,b,,b,,b,m,proclitic,,,,paeonic,,,,,,
21,5,e,1,ra,p,g,fl,,e,e,,m,,m,m,proclitic,,,s,paeonic,,,,,,
21,5,,,lim,r,a,,,b,b,,m,,m,m,,,,s,paeonic,,,,,,
21,5,d,2,nAi,,,l,,e,e,,e,,m,m,,,,s,paeonic,,,,,,
21,5,e,1,klu,,,,,b,b,,,,m,m,,,,,paeonic,,,,,,
21,5,f,2,tAi,p,c,p,,e,e,,,,e,e,,,,,paeonic,,,,,,
21,6,f,2,Ker,,,,,b,b,,,,b,b,,,,,paeonic,,,,,,
21,6,f,1,si,p,g,l,,e,e,,,,m,m,,,,,paeonic,,,,,,
21,6,f,2,glau,,,,,b,b,,,,m,m,,,,,paeonic,,hyperbaton,,,,
21,6,g,1,kA,p,c,n,,m,m,,,,m,m,,,,,paeonic,,hyperbaton,,,,
21,6,eF,1,kA,p,c,l,,e,e,,,,m,m,,,,s,paeonic,,hyperbaton,,,,
21,6,d,1,s e,,,,,b,b,,,,m,m,,,,,paeonic,,hyperbaton,,,,
21,6,eF,2,lai,R,a,,,m,m,,,,m,m,,,,,paeonic,,hyperbaton,,,,
21,6,d,2,jAs,,,l,,e,e,,,,m,m,,,,,paeonic,,hyperbaton,,,,
21,6,d,1,Ti,,,,,b,b,,,,m,m,,,,,paeonic,,,,,,
21,6,d,1,gou,p,c,n,,m,m,,,,m,m,,,,,paeonic,,,,,,
21,6,BF,1,gou,p,c,l,,u,u,,,,m,m,,,,,paeonic,,,,,,
21,6,,,s' od,r,a,,,u,u,,,,m,m,,,,i,paeonic,,,,,,
21,6,,,zo,,,lf,,u,u,,,,m,m,,,,i,paeonic,,,,,,
21,6,,,n e,P,G,fl,,u,u,,b,,m,m,proclitic,,,i,paeonic,,,,,,
21,6,,,n a,,,,,u,u,,m,,m,m,,,,i,paeonic,,,,,,
21,6,,,gO,,,,,u,u,,m,,m,m,,,,i,paeonic,,,,,,
21,6,,,ni,R,a,,,u,u,,m,,m,m,,,,i,paeonic,,,,,,
21,6,,,ai,,,l,,u,u,,e,,m,m,,,,i,paeonic,,,,,,
21,7,A,1,s e,,,,l,b,b,,,,m,m,,,,,paeonic,,,,,,
21,7,A,1,ri,,,c,l,m,m,,,,m,m,,,,,paeonic,,,,,,
21,7,A,1,Ta,,,,,m,m,,,,m,m,,,,,paeonic,,,,,,
21,7,,,lE,p,c,p,,e,e,,,,e,e,,p,e,s,paeonic,,hyperbaton,,,,
21,8,A,1,pAs,r,c,n,,b,b,,b,,,b,,,b,,paeonic,,hyperbaton,,,,
21,8,E,1,pAs,r,c,f,,e,e,,m,,,m,,,,s,paeonic,,,,,,
21,8,,,de,P,g,fl,,s,,,e,,,m,postpositive,,,s,paeonic,,,,,,
21,8,,,ga,r,a,,,b,b,,,,,m,,,,s,paeonic,,,,,,
21,8,,,TE,,,,,m,m,,,,,m,,,,,paeonic,,,,,,
21,8,e,1,se,,,l,,e,e,,,,,m,,,,,paeonic,,,,,,
21,8,f,1,po,r,a,,,b,b,,,,,m,,,,,paeonic,,,,,,
21,8,d,1,lo,,,l,,e,e,,,,,m,,,,,paeonic,,,,,,
21,8,e,2,s ou,,,,,b,b,,,,,m,,,,,paeonic,,,,,,
21,8,e,1,ra,r,a,,,m,m,,,,,m,,,,,paeonic,,,,,,
21,8,d,1,ni,,,,,m,m,,,,,m,,,,,paeonic,,,,,,
21,8,c,1,o,,,l,,e,e,,,,,m,,,,,paeonic,,,,,,
21,8,,,s an,,,c,f,u,u,,,,,m,,,,i,paeonic,,,,,,
21,8,,,ne,r,a,,,u,u,,,,,m,,,,i,paeonic,,,,,,
21,8,,,Pe,,,,,u,u,,,,,m,,,,i,paeonic,,,,,,
21,8,,,lo,,,l,,u,u,,,,,m,,,,i,paeonic,,,,,,
21,8,,,s a,,,,,u,u,,,,,m,,,,i,paeonic,,,,,,
21,8,,,a,,,,,u,u,,,,,m,,,,i,paeonic,,,,,,
21,8,,,gla,,,,,u,u,,,,,m,,,,i,paeonic,,,,,,
21,8,,,os,p,a,p,,u,u,,,,,e,,,,i,paeonic,,,,,,
21,9,d,2,nE,,,,,b,b,,b,,,b,,,,s,paeonic,,,,,,
21,9,f,1,ne,r,a,,,m,m,,m,,,m,,,,,paeonic,,,,,,
21,9,E,2,mous,,,lfl,,e,e,,e,,,m,,,,,paeonic,,,,,,
21,9,f,2,d' es,r,a,,,b,b,,,,,m,elided postpositive,,,,paeonic,,,,,,
21,9,d,1,Ke,,,l,,e,e,,,,,m,,,,,paeonic,,,,,,
21,9,d,2,n ai,,,,,b,b,,,,,m,,,,,paeonic,,,,,,
21,9,d,1,TE,p,g,n,,m,m,,,,,m,,,,,paeonic,,,,,,
21,9,e,1,TE,p,g,l,,e,e,,,,,m,,,,,paeonic,,,,,,
21,9,f,1,r a,,,,,b,b,,,,,m,,,,i,paeonic,,,,,,
21,9,f,2,el,,,,,m,m,,,,,m,,,,i,paeonic,,,,,,
21,9,,,lOn,p,c,n,,u,u,,,,,u,,,,i,paeonic,,,,,,
21,9,,,lOn,p,c,l,,u,u,,,,,u,,,,i,paeonic,,,,,,
21,9,,,ta,,,,l,u,u,,,,,u,,,,i,paeonic,,,,,,
21,9,,,Ku,,,c,l,u,u,,,,,u,,,,i,paeonic,,,,,,
21,9,,,pe,,,,,u,u,,,,,u,,,,i,paeonic,,,,,,
21,10,d,2,teis,p,c,l,,e,e,,,,,m,,,,i,paeonic,,,,,,
21,10,,1,dro,r,a,,,b,b,,,,,m,,,,,paeonic,,,,,,
21,10,E,2,mous,,,p,,e,e,,,,,e,,,,,paeonic,,,,,,
21,10,e,2,lEk,r,c,,,b,b,,b,,b,b,,,,,paeonic,,,,,,
21,10,c,1,se,,,lf,,e,e,,m,,m,m,,,,,paeonic,,,,,,
21,10,c,1,de,P,g,fl,,s,,,e,,m,m,postpositive,,,,paeonic,,,,,,
21,10,B,1,ba,,,,l,b,b,,,,m,m,,,,,paeonic,,hyperbaton,,,,
21,10,B,2,rub,r,a,c,l,m,m,,,,m,m,,,,,paeonic,,hyperbaton,,,,
21,10,E,1,ro,,,,,m,m,,,,m,m,,,,,paeonic,,hyperbaton,,,,
21,10,E,2,mon,,,l,,e,e,,,,m,m,,,,,paeonic,,hyperbaton,,,,
21,10,c,1,nE,,,n,,b,b,,,,m,m,,,,,paeonic,,,,,,
21,10,f,1,nE,,,,,m,m,,,,m,m,,,,,paeonic,n,,,,,
21,10,,,re,p,a,,,m,m,,,,m,m,,,,s,paeonic,n,,,,,
21,10,,,Os,,,l,,e,e,,,,m,m,,,,s,paeonic,n,,,,,
21,11,,,dza,,,c,f,u,u,,,,m,m,,,,i,paeonic,,,,,,
21,11,,,me,,,,,u,u,,,,m,m,,,,i,paeonic,,,,,,
21,11,,,ne,p,g,l,,u,u,,,,m,m,,,,i,paeonic,,,,,,
21,11,,1,s oid,r,c,n,,b,b,,,,m,m,,,,s,paeonic,,,,,,
21,11,A,1,s oid,r,c,,,e,e,,,,e,m,,,,s,paeonic,,,,,,
21,11,A,2,m' E,,,lf,,b,,,b,,b,m,proclitic,,,,paeonic,,,,,,
21,11,A,1,de,p,g,fl,,e,,,m,,m,m,proclitic,,,,paeonic,,,,,,
21,11,d,1,me,r,a,,,b,b,,m,,m,m,,,,,paeonic,,,,,,
21,11,c,1,ga,,,l,,e,e,,e,,m,m,,,,,paeonic,,,,,,
21,11,d,2,s O,,,,,b,b,,,,m,m,,,,,paeonic,n,,,,,
21,11,d,1,ke,,,,,m,m,,,,m,m,,,,,paeonic,n,,,,,
21,11,d,1,a,,,,,m,m,,,,m,m,,,,,paeonic,n,,,,,
21,11,d,1,no,p,a,p,,e,e,,,,e,e,,,,,paeonic,n,,,,,
21,11,d,2,s hos,P,g,f,,s,,,b,,,b,prepositive,,,,paeonic,,,,,,
21,11,f,1,pe,R,a,,,b,b,,m,,,m,,,,,paeonic,,,,,,
21,11,f,2,riks,,,fl,,e,e,,e,,,m,,,,,paeonic,,,,,,
21,12,,,gA,r,c,n,,u,u,,,,,u,,,,s,paeonic,n,,,,,
21,12,,,gA,r,c,l,,u,u,,,,,u,,,,s,paeonic,n,,,,,
21,12,,,n hu,,,,,u,u,,,,,u,,,,i,paeonic,,,,,,
21,12,,,grai,p,c,n,,u,u,,,,,u,,,,i,paeonic,,,,,,
21,12,,,grai,p,c,l,,u,u,,,,,u,,,,i,paeonic,,,,,,
21,12,,,s aG,,,,,b,b,,,,,u,,,,s,paeonic,,,,,,
21,12,f,1,ka,R,a,,,m,m,,,,,m,,,,,paeonic,,,,,,
21,12,d,2,lai,,,l,,e,e,,,,,m,,,,,paeonic,,,,,,
21,12,d,1,s am,,,n,,b,b,,,,,m,,,,,paeonic,,,,,,
21,12,e,1,s am,,,,,m,m,,,,,m,,,,,paeonic,,,,,,
21,12,f,1,pe,r,a,,,m,m,,,,,m,,,,,paeonic,,,,,,
21,12,e,2,Kei,,,p,,e,e,,,,,e,,p,e,,paeonic,,,,,,
21,13,e,1,to,r,a,,,b,,,b,,b,b,prepositive,,b,,paeonic,,,,,,
21,13,c,1,te,,,fl,,e,,,m,,m,m,prepositive,,,,paeonic,,,,,,
21,13,d,1,li,,,,,b,b,,m,,m,m,,,,,paeonic,,,,,,
21,13,d,2,pOG,p,g,l,,e,e,,e,,m,m,,,,,paeonic,,,,,,
21,13,d,1,kun,,,n,,b,b,,,,m,m,,,,,paeonic,n,,,,,
21,13,e,1,kun,,,,,m,m,,,,m,m,,,,,paeonic,n,,,,,
21,13,f,1,Ti,?,a,,,m,m,,,,m,m,,,,,paeonic,n,,,,,
21,13,e,2,An,,,l,,e,e,,,,m,m,,,,,paeonic,n,,,,,
21,13,e,1,nA,r,c,n,,b,b,,,,m,m,,,,,paeonic,,,,,,
21,13,E,1,nA,r,c,,,m,m,,,,m,m,,,,,paeonic,,,,,,
21,13,E,1,so,,,l,,e,e,,,,e,m,,,,,paeonic,,,,,,
21,13,E,1,n e,,,c,f,b,b,,,,b,m,,,,,paeonic,,,,,,
21,13,B,1,pe,r,a,,,u,u,,,,m,m,,,,i,paeonic,,,,,,
21,13,,,bA,,,l,,u,u,,,,m,m,,,,i,paeonic,,,,,,
21,13,,,Te,,,,,u,u,,,,m,m,,,,i,paeonic,,,,,,
21,13,,,os,p,g,l,,e,e,,,,m,m,,,,i,paeonic,,,,,,
21,13,d,2,prO,,,,l,b,b,,,,m,m,,,,,paeonic,,,,,,
21,13,,1,to,r,a,c,l,m,m,,,,m,m,,,,s,paeonic,,,,,,
21,13,B,1,kar,,,n,,m,m,,,,m,m,,,,,paeonic,,,,,,
21,13,c,1,kar,,,,,m,m,,,,m,m,,,,,paeonic,,,,,,
21,14,d,2,poG,,,l,,e,e,,,,m,m,,,,,paeonic,,,,,,
21,14,d,1,klu,,,,,b,b,,,,m,m,,,,,paeonic,,,,,,
21,14,e,2,tA,p,g,l,,e,e,,,,m,m,,,,,paeonic,,,,,,
21,14,e,2,n at,,,,,b,b,,,,m,m,,,,,paeonic,n,,,,,
21,14,a,1,Ti,p,a,lf,,e,e,,,,e,m,,,,,paeonic,n,,,,,
21,14,e,1,d' e,,,,,b,,,b,,b,m,proclitic,,,,paeonic,,,,,,
21,14,f,1,pi,p,g,fl,,e,,,m,,m,m,proclitic,,,,paeonic,,,,,,
21,14,f,1,gA,,,n,l,b,b,,m,,m,m,,,,,paeonic,,,,,,
21,14,e,1,gA,,,c,l,m,m,,m,,m,m,,,,,paeonic,,,,,,
21,14,f,1,lo,r,a,,,m,m,,m,,m,m,,,,i,paeonic,,,,,,
21,14,,,POi,,,l,,u,u,,u,,m,m,,,,i,paeonic,,,,,,
21,14,,,prO,r,c,n,,u,u,,,,m,m,,,,i,paeonic,,,,,,
21,14,,,prO,r,c,,,u,u,,,,m,m,,,,i,paeonic,,,,,,
21,14,,,ni,,,l,,e,e,,,,m,m,,,,i,paeonic,,,,,,
21,14,d,2,trI,,,,,b,b,,,,m,m,,,,,paeonic,n,,,,,
21,15,d,1,tO,,,n,,m,m,,,,m,m,,,,,paeonic,n,,,,,
21,15,e,1,tO,,,,,m,m,,,,m,m,,,,,paeonic,n,,,,,
21,15,,1,ni,p,a,,,m,m,,,,m,m,,,,,paeonic,n,,,,,
21,15,e,2,dos,,,p,,e,e,,,,e,e,,p,e,,paeonic,n,,,,,
21,16,A,1,me,,,,l,b,b,,b,,,b,,,b,,paeonic,,hyperbaton,,,,
21,16,d,1,li,r,a,c,l,m,m,,m,,,m,,,,,paeonic,,hyperbaton,,,,
21,16,B,1,pno,,,,,m,m,,m,,,m,,,,,paeonic,,hyperbaton,,,,
21,16,d,2,on,,,lf,,e,e,,m,,,m,,,,,paeonic,,hyperbaton,,,,
21,16,eF,1,de,P,g,fl,,s,,,e,,,m,postpositive,,,,paeonic,,,,,,
21,16,g,1,li,r,a,,,b,b,,,,,m,,,,,paeonic,,,,,,
21,16,eF,1,bu,,,l,,e,e,,,,,m,,,,,paeonic,,,,,,
21,16,d,2,s au,,,,,b,b,,,,,m,,,,,paeonic,,,,,,
21,16,d,2,dAG,p,g,l,,e,e,,,,,m,,,,,paeonic,,,,,,
21,16,eF,1,Ke,r,a,,,b,b,,,,,m,,,,,paeonic,,,,,,
21,16,,,On,,,l,,u,u,,,,,u,,,,s,paeonic,,,,,,
21,16,,,lO,,,n,,u,u,,,,,u,,,,i,paeonic,,,,,,
21,16,,,lO,,,,,u,u,,,,,u,,,,i,paeonic,,,,,,
21,16,,,to,p,g,l,,u,u,,,,,u,,,,i,paeonic,,,,,,
21,16,,,s a,,,,,u,u,,,,,u,,,,i,paeonic,,,,,,
21,16,d,1,ne,r,a,,,u,u,,,,,u,,,,i,paeonic,,,,,,
21,16,,,mel,,,,,m,m,,,,,m,,,,i,paeonic,,,,,,
21,16,,,pe,,,l,,e,e,,,,,m,,,,,paeonic,,,,,,
21,16,,,n hA,,,,,b,b,,,,,m,,,,s,paeonic,,,,,,
21,17,,1,dei,p,c,n,,m,m,,,,,m,,,,,paeonic,,,,,,
21,17,BF,1,dei,p,c,,,m,m,,,,,m,,,,,paeonic,,,,,,
21,17,BF,1,ja,,,l,,e,e,,,,,m,,,,,paeonic,,,,,,
21,17,BF,1,n o,?,a,,,b,b,,,,,m,,,,,paeonic,,,,,,
21,17,A,1,pa,,,l,,e,e,,,,,m,,,,,paeonic,,,,,,
21,17,A,2,meiG,,,,,b,b,,,,,m,,,,,paeonic,,,,,,
21,17,e,1,nu,r,a,,,m,m,,,,,m,,,,,paeonic,,,,,,
21,17,A,1,me,,,,,m,m,,,,,m,,,,,paeonic,,,,,,
21,17,A,1,no,,,l,,e,e,,,,,m,,,,,paeonic,,,,,,
21,17,A,1,s ai,,,n,,b,b,,,,,m,,,,,paeonic,,hyperbaton,,,,
21,17,BF,1,s ai,,,,,m,m,,,,,m,,,,,paeonic,,hyperbaton,,,,
21,17,B,1,jo,p,a,,,m,m,,,,,m,,,,,paeonic,,hyperbaton,,,,
21,17,,,lois,,,l,,e,e,,,,,u,,,,s,paeonic,,hyperbaton,,,,
21,17,,,ki,,,,,u,u,,,,,u,,,,i,paeonic,,,,,,
21,17,,,Ta,r,a,,,u,u,,,,,u,,,,i,paeonic,,,,,,
21,17,,,ri,,,,,u,u,,,,,u,,,,i,paeonic,,,,,,
21,17,,,os,,,l,,u,u,,,,,u,,,,i,paeonic,,,,,,
21,18,,,me,r,a,,,u,u,,,,,u,,,,i,paeonic,,,,,,
21,18,,,le,,,,,u,u,,,,,u,,,,i,paeonic,,,,,,
21,18,,,si,,,p,,u,u,,,,,u,,,,i,paeonic,,,,,,
21,18,,,n ha,r,a,,,b,,,b,,,b,prepositive,,,s,paeonic,,,,,,
21,18,BF,1,ma,,,ffl,,e,,,m,,,m,prepositive,,,,paeonic,,,,,,
21,18,d,2,d' I,r,a,,,b,b,,m,,,m,,,,,paeonic,,,,,,
21,18,d,1,a,,,,,m,m,,m,,,m,,,,,paeonic,,,,,,
21,18,BF,2,Kem,,,l,,e,e,,e,,,m,,,,,paeonic,,,,,,
21,18,A,1,pe,,,,l,b,b,,,,,m,,,,,paeonic,,,,,,
21,18,A,1,tro,,,c,l,m,m,,,,,m,,,,,paeonic,,,,,,
21,18,BF,1,ka,,,,,m,m,,,,,m,,,,,paeonic,,,,,,
21,18,B,2,toi,r,a,,,m,m,,,,,m,,,,,paeonic,,,,,,
21,18,BF,2,kE,,,,,m,m,,,,,m,,,,,paeonic,,,,,,
21,18,A,1,to,,,l,,e,e,,,,,m,,,,,paeonic,,,,,,
21,18,A,2,s A,,,,,b,b,,,,,m,,,,,paeonic,n,,,,,
21,19,,,KO,p,g,l,,e,e,,,,,u,,,,s,paeonic,n,,,,,no p at this juncture according to dagm
21,19,,,pai,,,,,u,u,,,,,u,,,,i,paeonic,,,,,,
21,19,,,jA,p,g,l,,u,u,,,,,u,,,,i,paeonic,,,,,,
21,19,,,n i,,,,,u,u,,,,,u,,,,i,paeonic,,,,,,
21,19,,,e,p,g,l,,u,u,,,,,u,,,,i,paeonic,,,,,,
21,19,,,pai,,,,,u,u,,,,,u,,,,i,paeonic,,,,,,
21,19,,,jAn,p,a,p,,u,u,,,,,u,,p,e,i,paeonic,,,,,,
21,20,,,ho,P,g,f,,u,u,,b,,,u,proclitic,,b,i,paeonic,,,,,,
21,20,,,de,P,g,fl,,u,u,,m,,,u,postpositive,,,i,paeonic,,,,,,
21,20,,,ge,r,a,,,u,u,,m,,,u,,,,i,paeonic,,,,,,
21,20,,,gA,,,lf,,u,u,,e,,,u,,,,i,paeonic,,,,,,
21,20,f,1,T' ho,r,a,,,b,,,b,,,u,prepositive,,,,paeonic,,,,,,
21,20,d,1,ti,,,fl,,e,,,m,,,m,prepositive,,,,paeonic,,,,,,
21,20,f,1,no,r,a,,,b,b,,m,,,m,,,,,paeonic,,,,,,
21,20,f,2,Oi,,,l,,e,e,,e,,,m,,,,,paeonic,,,,,,
21,20,d,2,dek,,,,,b,b,,,,,m,,,,,paeonic,,,,,,
21,20,d,1,sa,r,a,,,m,m,,,,,m,,,,,paeonic,,,,,,
21,20,B,1,me,,,,,m,m,,,,,m,,,,,paeonic,,,,,,
21,20,c,1,no,,,l,,e,e,,,,,m,,,,,paeonic,,,,,,
21,20,d,1,s am,,,n,f,b,b,,,,,m,,,,,paeonic,,hyperbaton,,,,
21,20,e,1,s am,,,c,f,m,m,,,,,m,,,,,paeonic,,hyperbaton,,,,
21,20,f,1,bro,r,a,,,m,m,,,,,m,,,,,paeonic,,hyperbaton,,,,
21,20,e,2,tAn,,,l,,e,e,,,,,m,,,,,paeonic,,hyperbaton,,,,
21,20,f,1,di,,,,,b,b,,,,,m,,,,,paeonic,n,hyperbaton,,,,
21,20,,,o,p,g,l,,u,u,,,,,u,,,,i,paeonic,n,hyperbaton,,,,
21,20,,,s e,,,,,u,u,,,,,u,,,,i,paeonic,,,,,,
21,20,,,peG,r,a,,,u,u,,,,,u,,,,i,paeonic,,,,,,
21,21,,,nO,,,l,,u,u,,,,,u,,,,i,paeonic,,,,,,
21,21,,,Pre,P,a,p,,u,u,,,,,u,,,,i,paeonic,,,,,,
21,21,,,n' an,,,f,,s,,,b,,b,b,proclitic,,,,paeonic,,,,,,antí is proclitic or prepositive; PGS 357
21,21,c,1,T' hO,P,c,n,,b,,,m,,m,m,prepositive,,,,paeonic,,,,,,
21,21,B,1,T' hO,P,c,f,,e,,,e,,m,m,prepositive,,,,paeonic,,,,,,
21,21,c,1,n e,,,,,b,b,,,,m,m,,,,,paeonic,,,,,,
21,21,d,2,kei,p,a,,,m,m,,,,m,m,,,,,paeonic,,,,,,
21,21,c,2,nA,,,f,,e,e,,,,m,m,,,,,paeonic,,,,,,
21,21,d,1,s a,,,fl,,s,,,b,,m,m,proclitic,,,,paeonic,,,,,,
21,21,d,2,p' ar,,,,,b,b,,m,,m,m,,,,,paeonic,,,,,,
21,21,,2,KAs,p,c,l,,e,e,,e,,e,m,,,,,paeonic,,,,,,
21,21,e,1,pai,,,,,b,b,,,,b,m,,,,,paeonic,n,,,,,
21,21,f,2,jE,R,a,,,m,m,,,,m,m,,,,,paeonic,n,,,,,
21,22,d,1,o,,,,,m,m,,,,m,m,,,,,paeonic,n,,,,,
21,22,d,1,na,,,l,,e,e,,,,m,m,,,,,paeonic,n,,,,,
21,22,e,1,ki,,,,,b,b,,,,m,m,,,,,paeonic,,,,,,
21,22,f,2,klEis,r,a,,,m,m,,,,m,m,,,,,paeonic,,,,,,
21,22,e,1,ko,,,,,m,m,,,,m,m,,,,,paeonic,,,,,,
21,22,,,me,,,l,,e,e,,,,e,m,,,,,paeonic,,,,,,
21,22,,,n ha,r,a,c,f,b,b,,,,b,m,,,,,paeonic,,,,,,
21,22,,,pAs,,,l,,e,e,,,,m,m,,,,,paeonic,,,,,,
21,22,,,lA,,,,,b,b,,,,m,m,,,,,paeonic,,,,,,
21,22,,,o,p,g,l,,e,e,,,,m,m,,,,,paeonic,,,,,,
21,22,,,s au,,,,l,b,b,,,,m,m,,,,,paeonic,,,,,,
21,22,e,2,toK,,,c,l,m,m,,,,m,m,,,,,paeonic,,,,,,
21,22,e,1,To,r,a,,,m,m,,,,m,m,,,,,paeonic,,,,,,
21,22,E,2,nO,,,lf,,e,e,,,,e,m,,,,,paeonic,,,,,,
21,22,c,2,n E,,,,,b,,,b,,b,m,proclitic,,,,paeonic,,,,,,
21,22,c,1,de,p,g,fl,,e,,,m,,m,m,proclitic,,,,paeonic,,,,,,
21,22,e,2,bak,r,a,,,b,b,,m,,m,m,,,,,paeonic,n,,,,,
21,23,c,2,Kou,,,l,,e,e,,e,,m,m,,,,,paeonic,n,,,,,
21,23,c,1,me,r,a,,,b,b,,,,m,m,,,,,paeonic,,,,,,
21,23,B,2,gas,,,l,,e,e,,,,m,m,,,,,paeonic,,,,,,
21,23,F,2,Tur,,,,l,b,b,,,,m,m,,,,,paeonic,,,,,,
21,23,F,1,so,,,c,l,m,m,,,,m,m,,,,,paeonic,,,,,,
21,23,A,2,plHk,p,g,l,,e,e,,,,m,m,,,,,paeonic,,,,,,
21,23,,,s hes,,,,,b,b,,,,m,m,,,,s,paeonic,,,,,,
21,23,,,mo,p,g,l,,e,e,,,,m,m,,,,s,paeonic,,,,,,
21,23,,,s hi,,,,,b,b,,,,m,m,,,,s,paeonic,,,,,,
21,23,c,1,e,,,,,m,m,,,,m,m,,,,,paeonic,,,,,,
21,23,d,2,ros,p,g,l,,e,e,,,,m,m,,,,,paeonic,,,,,,
21,23,d,1,te,,,,,b,b,,,,m,m,,,,,paeonic,,,,,,
21,23,e,2,KnI,,,,,m,m,,,,m,m,,,,,paeonic,,,,,,
21,23,f,1,tO,p,c,n,,m,m,,,,m,m,,,,,paeonic,,,,,,
21,23,e,1,tO,p,c,l,,e,e,,,,e,m,,,,,paeonic,,,,,,
21,23,f,1,n e,r,a,c,f,b,b,,,,b,m,,,,,paeonic,,,,,,
21,23,d,2,noi,,,,,m,m,,,,m,m,,,,,paeonic,,,,,,
21,24,d,1,kos,,,n,,m,m,,,,m,m,,,,,paeonic,,,,,,
21,24,e,1,kos,,,l,,e,e,,,,m,m,,,,,paeonic,,,,,,
21,24,f,1,po,r,a,,,b,b,,,,m,m,,,,,paeonic,,,,,,
21,24,f,2,lei,,,l,,e,e,,,,m,m,,,,,paeonic,,,,,,
21,24,e,1,ke,,,,,b,b,,,,m,m,,,,,paeonic,n,,,,,
21,24,e,1,kro,,,,,m,m,,,,m,m,,,,,paeonic,n,,,,,
21,24,e,1,pi,R,a,,,m,m,,,,m,m,,,,,paeonic,n,,,,,
21,24,E,2,Ai,,,p,,e,e,,,,e,e,,p,e,,paeonic,n,,,,,
21,25,E,2,al,,,,,b,,,b,,,b,proclitic,,b,,paeonic,,,,,,
21,25,,,la,p,g,fl,,e,,,m,,,m,proclitic,,,s,paeonic,,,,,,
21,25,,,KrEs,,,n,,b,b,,m,,,m,,,,s,paeonic,,prolepsis,,,,
21,25,,,KrEs,,,,,m,m,,m,,,m,,,,s,paeonic,,prolepsis,,,,
21,25,,,mOi,,,,,m,m,,m,,,m,,,,,paeonic,,prolepsis,,,,
21,25,,,do,p,g,lf,,e,e,,e,,,m,,,,,paeonic,,prolepsis,,,,
21,25,,,n ho,P,g,fl,,s,,,b,,,m,prepositive,,,,paeonic,,,,,,
21,25,f,1,s e,r,a,,,b,b,,m,,,m,,,,,paeonic,,,,,,
21,25,d,1,Keis,,,n,,m,m,,m,,,m,,,,,paeonic,,,,,,
21,25,e,1,Keis,,,l,,e,e,,e,,,m,,,,,paeonic,,,,,,
21,25,f,1,tri,r,a,,,b,b,,,,,m,,,,,paeonic,,,,,,
21,25,e,1,po,,,,,m,m,,,,,m,,,,,paeonic,,,,,,
21,25,e,1,da,,,p,,e,e,,,,,e,,,,,paeonic,,,,,,
21,25,F,2,bai,r,c,lf,,s,s,,,,,b,,,,,paeonic,,,,,,
21,25,e,1,n' e,,,,,b,,,b,,,m,proclitic,,,,paeonic,,,,,,
21,25,e,1,pi,p,g,fl,,e,,,m,,,m,proclitic,,,,paeonic,,,,,,
21,25,e,1,Te,,,,l,b,b,,m,,,m,,,,,paeonic,,hyperbaton,,,,
21,26,e,2,os,,,c,l,m,m,,m,,,m,,,,,paeonic,,hyperbaton,,,,
21,26,e,1,ti,,,,,m,m,,m,,,m,,,,,paeonic,,hyperbaton,,,,
21,26,f,1,be,p,a,,,m,m,,m,,,m,,,,s,paeonic,,hyperbaton,,,,
21,26,,1,a,,,lf,,e,e,,e,,,m,,,,s,paeonic,,hyperbaton,,,,
21,26,,,tAn,P,a,n,,b,,,b,,,m,prepositive,,,s,paeonic,,,,,,
21,26,,,tAn,P,a,,,m,,,m,,,m,prepositive,,,s,paeonic,,,,,,
21,26,,,de,,,fl,,e,,,m,,,m,prepositive,,,s,paeonic,,,,,,
21,26,,,par,,,,,b,b,,m,,,m,,,,,paeonic,n,,,,,
21,26,,1,nA,,,n,,m,m,,m,,,m,,,,,paeonic,n,,,,,
21,26,E,1,nA,,,,,m,m,,m,,,m,,,,,paeonic,n,,,,,
21,26,fS,1,si,R,a,,,m,m,,m,,,m,,,,,paeonic,n,,,,,
21,26,fS,2,An,,,l,,e,e,,e,,,m,,,,,paeonic,n,,,,,
21,26,e,2,dei,,,,,b,b,,,,,m,,,,,paeonic,,,,,,
21,26,f,1,ra,p,a,,,m,m,,,,,m,,,,,paeonic,,,,,,
21,26,d,1,da,,,l,,e,e,,,,,m,,,,,paeonic,,,,,,
21,26,e,1,Pi,,,c,l,b,b,,,,,m,,,,,paeonic,,,,,,
21,26,e,2,len,r,a,c,f,m,m,,,,,m,,,,,paeonic,,,,,,
21,26,E,1,Te,,,,,m,m,,,,,m,,,,,paeonic,,,,,,
21,26,E,2,on,,,p,,e,e,,,,,e,,p,e,,paeonic,,,,,,
21,27,A,2,am,,,,,b,,,b,,b,b,proclitic,,b,,paeonic,,,,,,
21,27,d,1,Pi,p,g,fl,,e,,,m,,m,m,proclitic,,,,paeonic,,,,,,
21,27,eF,1,plo,r,a,,,b,b,,m,,m,m,,,,,paeonic,,,,,,
21,27,,1,ka,,,,,m,m,,m,,m,m,,,,,paeonic,,,,,,
21,27,,,mon,,,lf,,e,e,,e,,m,m,,,,s,paeonic,,,,,,
21,27,,,su,P,g,ffl,,s,s,,,,m,m,,,,s,paeonic,,focus,,,,
21,27,,,d' oi,,,c,l,b,b,,,,m,m,,,,s,paeonic,,hyperbaton,,,,
21,27,eF,1,nO,p,c,n,,m,m,,,,m,m,,,,,paeonic,,hyperbaton,,,,
21,27,d,1,nO,p,c,,,m,m,,,,m,m,,,,,paeonic,,hyperbaton,,,,
21,27,,1,pa,,,l,,e,e,,,,m,m,,,,s,paeonic,,hyperbaton,,,,
21,27,B,2,daP,r,a,,,b,b,,,,m,m,,,,,paeonic,n,,,,,
21,27,BF,2,nAs,,,l,,e,e,,,,m,m,,,,,paeonic,n,,,,,
21,27,BF,1,kla,r,a,,,b,b,,,,m,m,,,,,paeonic,,,,,,
21,27,A,2,don,,,l,,e,e,,,,m,m,,,,,paeonic,,,,,,
21,28,A,2,plek,,,,,b,b,,,,m,m,,,,,paeonic,,,,,,
21,28,e,1,sa,r,a,,,m,m,,,,m,m,,,,,paeonic,,,,,,
21,28,A,1,me,,,,,m,m,,,,m,m,,,,,paeonic,,,,,,
21,28,A,1,no,,,l,,e,e,,,,e,m,,,,,paeonic,,,,,,
21,28,A,1,s ap,,,n,,u,u,,,,b,m,,,,i,paeonic,,,,,,
21,28,BF,1,s ap,,,c,f,u,u,,,,m,m,,,,i,paeonic,,,,,,
21,28,,,le,r,a,,,u,u,,,,m,m,,,,i,paeonic,,,,,,
21,28,,,tous,,,l,,u,u,,,,m,m,,,,i,paeonic,,,,,,
21,28,,,Te,,,,,u,u,,,,m,m,,,,i,paeonic,,,,,,
21,28,,,me,,,,,u,u,,,,m,m,,,,i,paeonic,,,,,,
21,28,,,li,r,a,,,u,u,,,,m,m,,,,i,paeonic,,,,,,
21,28,,,ous,,,lfl,,u,u,,,,m,m,elided enclitic,,,i,paeonic,,,,,,
21,28,G,1,t' am,,,n,f,b,b,,,,m,m,elided enclitic,,,,paeonic,,,,,,
21,28,A,1,t' am,,,c,f,m,m,,,,m,m,,,,,paeonic,,,,,,
21,28,BF,1,bro,r,a,,,m,m,,,,m,m,,,,,paeonic,,,,,,
21,28,A,2,tAi,,,l,,e,e,,,,m,m,,,,,paeonic,,,,,,
21,29,G,2,Kei,,,,,b,b,,,,m,m,,,,,paeonic,,,,,,
21,29,G,1,ri,p,g,l,,e,e,,,,m,m,,,,,paeonic,,,,,,
21,29,B,2,sU,r,a,,,b,b,,,,m,m,,,,,paeonic,,,,,,
21,29,BF,2,rO,,,p,,e,e,,,,e,e,,,,,paeonic,,,,,,
21,29,BF,1,n a,r,a,,,b,b,,,,b,b,,,,,paeonic,,,,,,
21,29,A,2,naks,,,p,,e,e,,,,e,e,,,,,paeonic,,hyperbaton,,,,
21,29,,,gAs,R,c,l,,u,u,,,,,u,,,,i,paeonic,n,hyperbaton,,,,
21,29,,,pe,,,,,u,u,,,,,u,,,,i,paeonic,,hyperbaton,,,,
21,29,,,lO,r,a,,,u,u,,,,,u,,,,i,paeonic,,hyperbaton,,,,
21,29,,,rOi,,,l,,u,u,,,,,u,,,,i,paeonic,,hyperbaton,,,,
21,29,,,su,,,,,u,u,,,,,u,,,,i,paeonic,,,,,,
21,29,,,nan,,,,,u,u,,,,,u,,,,i,paeonic,,,,,,
21,29,,,tAis,P,c,l,,u,u,,,,,u,,,,i,paeonic,,,,,,
21,29,A,1,ko,r,a,,,b,b,,,,,m,,,,,paeonic,,,,,,
21,29,G,2,rAi,,,p,,e,e,,,,,e,,p,e,,paeonic,,,,,,
21,30,E,2,al,,,,,b,,,b,,,b,proclitic,,b,,paeonic,,,,,,
21,30,e,1,la,p,g,fl,,e,,,m,,,m,proclitic,,,,paeonic,,,,,,
21,30,e,1,lA,,,n,,b,b,,m,,,m,,,,,paeonic,n,,,,,
21,30,f,1,lA,,,,,m,m,,m,,,m,,,,,paeonic,n,,,,,
21,30,f,2,tou,p,c,l,,e,e,,e,,,m,,,,,paeonic,n,,,,,
21,30,f,1,s e,,,,l,b,b,,,,,m,,,,,paeonic,,,,,,
21,30,f,1,ra,,,,l,m,m,,,,,m,,,,,paeonic,,,,,,
21,30,f,1,to,,,c,l,m,m,,,,,m,,,,,paeonic,,,,,,
21,30,f,1,gle,r,a,,,m,m,,,,,m,,,,i,paeonic,,,,,,
21,30,,,Pa,,,,,u,u,,,,,u,,,,i,paeonic,,,,,,
21,30,,,ro,,,l,,u,u,,,,,u,,,,i,paeonic,,,,,,
21,30,,,n er,r,a,,,u,u,,,,,u,,,,i,paeonic,,,,,,
21,30,,,no,,,p,,u,u,,,,,u,,,,i,paeonic,,,,,,there should be a pause at the end of this vocative phrase
21,30,,,s a,,,,,u,u,,,,,u,,,,i,paeonic,,,,,,
21,30,,,gri,r,a,,,u,u,,,,,u,,,,i,paeonic,,,,,,
21,30,c,2,Am,,,l,,u,u,,,,,m,,,,i,paeonic,,,,,,
21,31,d,2,pai,R,c,,,b,b,,,,,m,,,,,paeonic,,,,,,
21,31,c,1,da,,,l,,e,e,,,,,m,,,,,paeonic,,,,,,
21,31,f,1,gAs,R,c,n,,b,b,b,,,,m,,,,s,paeonic,,,,,,
21,31,,1,gAs,R,c,lfl,,e,e,e,,,,m,enclitic,,,s,paeonic,n,,,,,
21,31,fS,1,t' e,r,a,,,b,b,,,,,m,,,,,paeonic,n,,,,,
21,31,d,1,pe,,,,,m,m,,,,,m,,,,,paeonic,,,,,,
21,31,d,1,Pne,,,l,,e,e,,,,,m,,,,,paeonic,,,,,,
21,31,e,2,s I,,,,,b,b,,,,,m,,,,,paeonic,,,,,,
21,31,e,2,oi,p,c,p,,e,e,,,,,e,,,,,paeonic,,,,,,
21,31,e,1,s ho,,,,,b,b,b,,,,b,,,,,paeonic,,,,,,
21,31,,,moi,r,a,,,m,m,m,,,,m,,,,i,paeonic,,,,,,
21,31,,,jOs,,,f,,e,e,m,,,,u,,,,i,paeonic,,,,,,
21,31,,,te,,,fl,,s,,e,,,,u,enclitic,,,i,paeonic,,,,,,
21,31,,,ti,,,,,b,b,,,,,u,,,,i,paeonic,n,,,,,
21,31,,,tu,,,,,m,m,,,,,u,,,,i,paeonic,n,,,,,
21,32,,,o,p,g,lf,,e,e,,,,,u,,,,i,paeonic,n,,,,,
21,32,,,n ho,r,a,,,b,,,b,,,u,prepositive,,,i,paeonic,,,,,,
21,32,,,ti,,,fl,,e,,,m,,,u,prepositive,,,i,paeonic,,,,,,
21,32,f,1,po,r,a,,,b,b,,m,,,u,,,,,paeonic,,,,,,
21,32,e,1,To,,,l,,e,e,,e,,,m,,,,,paeonic,,,,,,
21,32,f,2,n es,r,a,,,b,b,,,,,m,,,,,paeonic,,,,,,
21,32,d,1,Ke,,,l,,e,e,,,,,m,,,,,paeonic,,,,,,
21,32,e,2,mA,,,,,b,b,,,,,m,,,,,paeonic,,,,,,
21,32,e,2,tros,p,g,lu,,e,e,,,,,u,,,,,paeonic,,,,,,
21,32,,,,,,,,u,u,,,,,u,,,,,paeonic,,,,,,
21,32,,,,,,,,u,u,,,,,u,,,,,paeonic,,,,,,
21,32,,,,,,,,u,u,,,,,u,,,,,paeonic,,,,,,
21,32,,,,,,,,u,u,,,,,u,,,,,paeonic,,,,,,
21,32,,,,,,,,u,u,,,,,u,,,,,paeonic,,,,,,
21,32,,,,,,,,u,u,,,,,u,,,,,paeonic,,,,,,
21,32,,,,,,,,u,u,,,,,u,,,,,paeonic,,,,,,
21,32,,,,,,,,u,u,,,,,u,,,,,paeonic,,,,,,
21,32,,,,,,,,u,u,,,,,u,,,,,paeonic,,,,,,
21,32,,,,,,,,u,u,,,,,u,,,,,paeonic,,,,,,
21,32,,,,,,,,u,u,,,,,u,,,,,paeonic,,,,,,
21,32,,,,,,,,u,u,,,,,u,,,,,paeonic,,,,,,
21,32,,,,,,ul,,u,u,,,,,u,,,,,paeonic,,,,,,
21,32,f,1,TE,P,c,n,,u,u,,,,,u,,,,i,paeonic,,,,,,
21,32,d,1,TE,P,c,lf,,e,e,,,,,m,,,,,paeonic,,,,,,
21,33,d,2,r' hAi,P,c,fl,,s,,,b,,,m,prepositive,,,i,paeonic,,,,,,
21,33,e,1,ka,,,,,b,b,,m,,,m,,,,,paeonic,,,,,,
21,33,f,2,tek,r,a,,,m,m,,m,,,m,,,,,paeonic,,,,,,
21,33,E,2,tA,,,lu,,e,e,,e,,,m,,,,,paeonic,,,,,,
21,33,A,1,s ho,,,,,b,b,,,,,m,,,,,paeonic,,,,,,
21,33,e,2,,,,,,u,u,,,,,u,,,,,paeonic,,,,,,
21,33,,,,,,,,u,u,,,,,u,,,,,paeonic,,,,,,
21,33,,,,,,,,u,u,,,,,u,,,,,paeonic,,,,,,
21,33,,,,,,,,u,u,,,,,u,,,,,paeonic,,,,,,
21,33,,,,,,,,u,u,,,,,u,,,,,paeonic,,,,,,
21,33,,,,,,,,u,u,,,,,u,,,,,paeonic,,,,,,
21,33,,,,,,,,u,u,,,,,u,,,,,paeonic,,,,,,
21,33,,,,,,,,u,u,,,,,u,,,,,paeonic,,,,,,
21,33,,,,,,ul,,u,u,,,,,u,,,,,paeonic,,,,,,
21,33,,1,sU,r,a,n,,b,b,,,,,u,,,,s,paeonic,,,,,,
21,33,f,1,sU,r,a,,,m,m,,,,,m,,,,,paeonic,,,,,,
21,33,d,2,riG,,,lf,,e,e,,,,,m,,,,,paeonic,,,,,,
21,33,e,1,m' a,,,fl,,s,,,b,,,m,proclitic,,,,paeonic,,,,,,
21,33,f,2,p' eu,,,,,b,b,,m,,,m,,,,i,paeonic,,,,,,
21,34,,1,nOn,p,c,n,,u,u,,m,,,u,,,,i,paeonic,,,,,,
21,34,e,1,nOn,p,c,lu,,u,u,,e,,,u,,,,,paeonic,,,,,,
21,34,,,,,,,,u,u,,,,,u,,,,,paeonic,,,,,,
21,34,,,,,,,,u,u,,,,,u,,,,,paeonic,,,,,,
21,34,,,,,,,,u,u,,,,,u,,,,,paeonic,,,,,,
21,34,,,,,,,,u,u,,,,,u,,,,,paeonic,,,,,,
21,34,,,,,,,,u,u,,,,,u,,,,,paeonic,,,,,,
21,34,,,,,,,,u,u,,,,,u,,,,,paeonic,,,,,,
21,34,,,,,,,,u,u,,,,,u,,,,,paeonic,,,,,,
21,34,,,,,,,,u,u,,,,,u,,,,,paeonic,,,,,,
21,34,,,,,,,,u,u,,,,,u,,,,,paeonic,,,,,,
21,34,,,,,,,,u,u,,,,,u,,,,,paeonic,,,,,,
21,34,,,,,,p,,u,u,,,,,u,,p,e,,paeonic,,,,,,
21,35,,,ho,r,a,,,u,u,,b,,,u,prepositive,,b,i,paeonic,,,,,,
21,35,,,t' e,,,fl,,b,b,,m,,,u,,,,,paeonic,,,,,,
21,35,d,1,pe,,,,,m,m,,m,,,m,,,,,paeonic,,,,,,
21,35,e,2,Prou,r,a,,,m,m,,m,,,m,,,,,paeonic,,,,,,
21,35,E,1,reis,,,n,,m,m,,m,,,m,,,,s,paeonic,,,,,,
21,35,,1,reis,,,lf,,e,e,,m,,,m,,,,s,paeonic,,,,,,
21,35,a,1,de,P,g,fl,,s,,,e,,,m,postpositive,,,,paeonic,,,,,,
21,35,a,1,gA,R,c,n,,b,b,,,,,m,,,,s,paeonic,n,,,,,
21,35,,1,gA,R,c,l,,u,u,,,,,u,,,,s,paeonic,n,,,,,
21,35,,,s i,,,,,u,u,,,,,u,,,,i,paeonic,,,,,,
21,35,,,e,,,,,u,u,,,,,u,,,,i,paeonic,,,,,,
21,35,,,ro,p,a,p,,u,u,,,,,u,,,,i,paeonic,,,,,,
21,35,,,n O,r,c,,,u,u,,,,,u,,,,i,paeonic,,,,,,
21,35,,,naks,,,p,,u,u,,,,,u,,,,i,paeonic,,,,,,
21,35,,,pa,,,fl,,u,u,,b,,,u,proclitic,,,i,paeonic,,,,,,
21,35,,,r' om,,,,,u,u,,m,,,u,,,,i,paeonic,,,,,,
21,36,,,Pa,,,,,u,u,,m,,,u,,,,i,paeonic,,,,,,
21,36,,,lo,p,a,p,,u,u,,e,,,u,,,,i,paeonic,,,,,,
21,36,,,n ho,P,G,fl,,u,u,,b,,,u,proclitic,,,i,paeonic,,prolepsis,,,,
21,36,,,bar,r,a,,,b,b,,m,,,u,,,,s,paeonic,,prolepsis,,,,
21,36,g,1,ba,,,,,m,m,,m,,,m,,,,,paeonic,,prolepsis,,,,
21,36,a,1,ro,,,l,,e,e,,e,,,m,,,,,paeonic,,prolepsis,,,,
21,36,bF,1,s a,r,a,,,b,b,,,,,m,,,,,paeonic,,prolepsis,,,,
21,36,a,2,rE,,,lf,,e,e,,,,,m,,,,,paeonic,,prolepsis,,,,
21,36,a,1,s ho,r,a,,,b,,,b,,,m,prepositive,,,,paeonic,,,,,,
21,36,f,1,te,,,f,,e,,,m,,,m,prepositive,,,,paeonic,,,,,,
21,36,,1,te,,,,,b,,,m,,,m,,,,s,paeonic,,,,,,
21,36,g,2,om,p,g,fl,,e,,,e,,,m,,,,,paeonic,,,,,,
21,36,a,2,man,,,,,b,b,,,,,m,,,,,paeonic,,,,,,
21,36,bF,1,to,r,a,,,m,m,,,,,m,,,,,paeonic,,,,,,
21,36,,,su,,,,,m,m,,,,,u,,,,,paeonic,,,,,,
21,36,,,no,,,lf,,e,e,,,,,u,,,,s,paeonic,,,,,,
21,37,,,n ou,P,G,fl,,u,u,,b,,,u,proclitic,,,i,paeonic,,,,,,
21,37,,,se,,,,,u,u,,m,,,u,,,,i,paeonic,,,,,,
21,37,,,bid,r,a,,,u,u,,m,,,u,,,,i,paeonic,,,,,,
21,37,,,zO,,,l,,u,u,,e,,,u,,,,i,paeonic,,,,,,
21,37,,,n he,r,a,,,u,u,,,,,u,,,,i,paeonic,,,,,,
21,37,,,dos,,,l,,u,u,,,,,u,,,,i,paeonic,,,,,,
21,37,,,po,,,,l,u,u,,,,,u,,,,i,paeonic,,,,,,
21,37,,,lu,,,c,l,u,u,,,,,u,,,,i,paeonic,,,,,,
21,37,,,ku,,,,,u,u,,,,,u,,,,i,paeonic,,,,,,
21,37,,,Tes,p,g,l,,e,e,,,,,u,,,,,paeonic,,,,,,
21,37,d,2,lEid,,,,,b,b,,,,,u,,,,,paeonic,,,,,,
21,37,f,1,zo,r,a,,,m,m,,,,,m,,,,,paeonic,,,,,,
21,37,e,1,me,,,,,m,m,,,,,m,,,,,paeonic,,,,,,
21,37,f,1,no,,,l,,e,e,,,,,m,,,,,paeonic,,,,,,
21,37,g,2,s O,r,a,,,b,b,,,,,m,,,,,paeonic,,,,,,
21,37,f,1,le,,,l,,e,e,,,,,m,,,,,paeonic,,,,,,
21,37,g,2,T' hug,,,,,b,b,,,,,m,,,,,paeonic,,hyperbaton,,,,
21,38,bF,2,rAi,p,c,l,,e,e,,,,,u,,,,,paeonic,,hyperbaton,,,,
21,38,a,1,Ki,,,,,b,b,,,,,u,,,,,paeonic,,,,,,
21,38,,,o,p,a,,,u,u,,,,,u,,,,i,paeonic,,,,,,
21,38,,,no,,,lf,,u,u,,,,,u,,,,i,paeonic,,,,,,
21,38,,,s en,P,G,fl,,u,u,,b,,,u,proclitic,,,i,paeonic,,,,,,
21,38,,,dza,r,a,,,u,u,,m,,,u,,,,i,paeonic,,,,,,
21,38,,,lAi,,,p,,u,u,,e,,,u,,p,e,i,paeonic,,,,,,
21,39,,,al,P,a,f,,u,u,,,,,u,,,b,i,aeolic,,,,,,"áll' is an adverbial form of állos, referring to another time."
21,39,,,l' O,R,c,fl,,u,u,,,,,u,,,,i,aeolic,,,,,,
21,39,,,Poi,r,c,,,u,u,,,,,u,,,,i,aeolic,n,,,,,
21,39,,,be,,,p,,u,u,,,,,u,,,,i,aeolic,n,,,,,
21,39,f,2,sOid,r,c,,,b,b,,,,,u,,,,,aeolic,,,,,,
21,39,e,1,ze,,,l,,e,e,,,,,m,,,,,aeolic,,,,,,
21,39,f,1,Te,,,,l,b,b,,,,,m,,,,,aeolic,,hyperbaton,,,,
21,39,f,2,ok,r,a,c,l,m,m,,,,,m,,,,,aeolic,,hyperbaton,,,,
21,39,e,2,tis,,,,,m,m,,,,,m,,,,,aeolic,,hyperbaton,,,,
21,39,e,2,ton,,,l,,e,e,,,,,m,,,,,aeolic,,hyperbaton,,,,
21,39,e,2,pal,,,,,b,b,,,,,m,,,,,aeolic,n,,,,,
21,39,f,1,la,p,a,,,m,m,,,,,m,,,,,aeolic,n,,,,,
21,39,d,1,do,,,l,,e,e,,,,,u,,,,,aeolic,n,,,,,
21,39,,,s as,r,a,,,u,u,,,,,u,,,,i,aeolic,,,,,,
21,39,,,tu,,,lf,,u,u,,,,,u,,,,i,aeolic,,,,,,
21,39,,,kai,P,g,fl,,u,u,,b,,,u,proclitic,,,i,aeolic,,,,,,
21,40,,,lA,,,,,u,u,,m,,,u,,,,i,aeolic,,,,,,
21,40,,,on,p,g,l,,u,u,,e,,,u,,,,i,aeolic,,,,,,
21,40,,,klei,,,,,u,u,,,,,u,,,,i,aeolic,,,,,,
21,40,,,non,p,a,p,,u,u,,,,,u,,,,i,aeolic,,,,,,
21,40,,,sun,?,a,f,,u,u,b,,,,b,proclitic,,,i,aeolic,,,,,,
21,40,BF,1,te,,,fl,,u,u,e,,,,m,enclitic,,,,aeolic,,,,,,
21,40,d,1,Te,,,,,b,b,,,,,m,,,,,aeolic,,,,,,
21,40,e,2,A,p,a,l,,e,e,,,,,e,,,,,aeolic,,,,,,pause at this juncture possible w dagm. I've gone w l as in AGM.
21,40,f,2,tok,r,a,,,b,b,,,,,b,,,,,aeolic,,,,,,
21,40,d,2,sOn,,,l,,e,e,,,,,m,,,,,aeolic,,,,,,
21,40,d,2,des,,,,,b,b,,,,,m,,,,,aeolic,,,,,,
21,40,d,1,po,p,a,,,m,m,,,,,m,,,,,aeolic,,,,,,
21,40,BF,1,ti,,,l,,e,e,,,,,m,,,,,aeolic,,,,,,
21,40,d,2,krE,,,,,b,b,,,,,m,,,,,aeolic,n,,,,,"I'm taking krEsiOn as additive, not the second member of a dNP"
21,40,eF,1,si,r,a,,,m,m,,,,,m,,,,,aeolic,n,,,,,
21,40,A,2,On,,,l,,e,e,,,,,u,,,,,aeolic,n,,,,,
21,41,,,ku,,,,,u,u,b,,,,u,,,,i,aeolic,,,,,,
21,41,,,nOn,p,c,lfl,,u,u,e,,,,u,,,,i,aeolic,,,,,,pause at this juncture possible
21,41,,,t' ar,r,a,,,u,u,,,,,u,elided enclitic,,,i,aeolic,n,,,,,
21,41,,,te,,,,,u,u,,,,,u,,,,i,aeolic,n,,,,,
21,41,,,mi,,,lf,,u,u,,,,,u,,,,i,aeolic,n,,,,,
21,41,,,s E,,,,,u,u,,b,,,b,proclitic,,,i,aeolic,,,,,,
21,41,,,de,p,g,fl,,u,u,,m,,,m,proclitic,,,i,aeolic,,,,,,
21,41,,,lA,,,,,u,u,,m,,,m,,,,i,aeolic,n,,,,,
21,41,,,tO,p,g,l,,u,u,,m,,,m,,,,i,aeolic,n,,,,,
21,41,A,2,kU,,,,,b,b,,m,,,m,,,,,aeolic,,,,,,
21,41,BF,2,dis,r,a,,,m,m,,m,,,m,,,,,aeolic,,,,,,
21,41,BF,2,tA,,,p,,e,e,,e,,,e,,,,,aeolic,,,,,,
21,41,d,2,kai,P,g,fl,,s,,,b,,,b,proclitic,,,,aeolic,,,,,,
21,41,d,1,na,,,,,b,b,,m,,,m,,,,,aeolic,,,,,,
21,41,eF,1,e,R,a,,,m,m,,m,,,m,,,,,aeolic,,,,,,
21,41,eF,2,tAs,,,l,,e,e,,e,,,m,,,,,aeolic,,,,,,
21,42,d,2,del,,,,,b,b,,,,,m,,,,,aeolic,n,,,,,
21,42,d,2,POn,p,c,l,,e,e,,,,,u,,,,,aeolic,n,,,,,
21,42,,,tE,,,,,u,u,,,,,u,,,,i,aeolic,,,,,,
21,42,,,me,,,,,u,u,,,,,u,,,,i,aeolic,,,,,,
21,42,,,lei,r,c,lf,,u,u,,,,,u,,,,i,aeolic,,,,,,
21,42,,,T' ha,r,a,,,u,u,,b,,,u,prepositive,,,i,aeolic,,,,,,
21,42,,,ma,,,fl,,u,u,,m,,,u,prepositive,,,i,aeolic,,,,,,
21,42,,,tek,r,a,,,u,u,,m,,,u,,,,i,aeolic,,,,,,
21,42,,,nois,,,p,,u,u,,e,,,u,,,,i,aeolic,,,,,,juncture p with AGM
21,42,,,sum,,,,,u,u,,,,,u,,,,i,aeolic,,,,,,
21,42,,,bi,r,a,,,u,u,,,,,u,,,,,aeolic,,,,,,
21,42,A,2,ois,,,p,,e,e,,,,,m,,,,,aeolic,,,,,,
21,42,d,2,dO,r,a,,,b,b,,,,,m,,,,,aeolic,,,,,,
21,42,BF,1,ma,,,,,m,m,,,,,m,,,,,aeolic,,,,,,
21,42,BF,1,si,,,l,,e,e,,,,,m,,,,,aeolic,,,,,,
21,42,A,2,n ap,,,,,b,b,,,,,m,,,,,aeolic,,,,,,
21,43,BF,2,tais,r,a,,,m,m,,,,,m,,,,,aeolic,,,,,,
21,43,BF,2,tous,,,p,,e,e,,,,,e,,,,,aeolic,,,,,,
21,43,f,2,bak,r,a,,,b,b,b,,,,b,,,,,aeolic,n,,,,,
21,43,e,2,Kou,,,lfl,,e,e,e,,,,u,,,,,aeolic,n,,,,,
21,43,,,T' hI,,,,l,u,u,,,,,u,elided enclitic,,,i,aeolic,,hyperbaton,,,,
21,43,,,e,,,,l,u,u,,,,,u,,,,i,aeolic,,hyperbaton,,,,
21,43,,,ro,,,c,l,u,u,,,,,u,,,,i,aeolic,,hyperbaton,,,,
21,43,,,nI,r,a,,,u,u,,,,,u,,,,i,aeolic,,hyperbaton,,,,
21,43,,,kai,,,,,u,u,,,,,u,,,,i,aeolic,,hyperbaton,,,,
21,43,,,si,,,l,,u,u,,,,,u,,,,i,aeolic,,hyperbaton,,,,
21,43,,,n eu,,,,,u,u,,,,,u,,,,s,aeolic,,,,,,
21,43,,,me,,,,,m,m,,,,,u,,,,s,aeolic,,,,,,
21,43,,,neis,p,c,l,,e,e,,,,,u,,,,,aeolic,,,,,,
21,43,g,1,mo,r,a,,,b,b,,,,,u,,,,,aeolic,,,,,,
21,43,eF,1,le,,,,,m,m,,,,,m,,,,s,aeolic,,,,,,
21,43,eF,2,te p,,,l,,e,e,,,,,m,,,,,aeolic,,,,,,
21,44,eF,2,ros,,,,,b,b,,b,,,m,proclitic,,,,aeolic,,,,,,
21,44,eF,1,po,r,a,,,m,m,,m,,,m,,,,,aeolic,,,,,,
21,44,d,2,loi,,,,,m,m,,m,,,m,,,,,aeolic,,,,,,
21,44,d,1,si,,,p,,e,e,,e,,,e,,,,,aeolic,,,,,,
21,44,d,2,tAn,P,a,f,,s,,b,b,,,b,prepositive,,,,aeolic,,,,,,phrasing?
21,44,BF,1,te,,,fl,,s,,e,m,,,m,enclitic,,,,aeolic,,,,,,phrasing?
21,44,d,1,do,,,,l,b,b,,m,,,m,,,,,aeolic,,hyperbaton,,,,
21,44,d,2,ris,r,a,c,l,m,m,,m,,,u,,,,,aeolic,,hyperbaton,,,,acute insecure!
21,44,,,tep,,,,,u,u,,m,,,u,,,,i,aeolic,,hyperbaton,,,,
21,44,,,ton,,,l,,u,u,,e,,,u,,,,i,aeolic,,hyperbaton,,,,
21,44,,,kar,r,a,,,u,u,,,,,u,,,,i,aeolic,,hyperbaton,,,,
21,44,,,tei,,,l,,u,u,,,,,u,,,,i,aeolic,,hyperbaton,,,,
21,44,d,2,rhO,,,,,b,b,,,,,u,,,,,aeolic,n,,,,,
21,44,d,2,mai,?,a,,,m,m,,,,,m,,,,,aeolic,n,,,,,
21,44,BF,2,jO,,,l,,e,e,,,,,m,,,,,aeolic,n,,,,,
21,45,A,2,n ar,,,,,b,b,,,,,m,,,,,aeolic,,,,,,
21,45,A,2,KA,p,g,l,,e,e,,,,,m,,,,,aeolic,,,,,,
21,45,BF,2,n auk,r,a,,,b,b,,,,,m,,,,,aeolic,,,,,,
21,45,G,1,se,,,l,,e,e,,,,,m,,,,,aeolic,,,,,,
21,45,G,1,t' a,,,,,b,b,,,,,m,,,,,aeolic,,,,,,
21,45,BF,2,gE,,,,,m,m,,,,,m,,,,,aeolic,,,,,,
21,45,BF,1,ra,r,a,,,m,m,,,,,m,,,,,aeolic,,,,,,
21,45,A,2,tOi,,,l,,e,e,,,,,u,,,,,aeolic,,,,,,
21,45,d,2,Tal,r,a,,,b,b,,,,,u,,,,,aeolic,,,,,,
21,45,,,lou,,,,,m,m,,,,,u,,,,s,aeolic,,,,,,
21,45,,,san,,,l,,e,e,,,,,u,,,,s,aeolic,,,,,,
21,45,,,Pe,,,,l,b,b,,,,,u,,,,s,aeolic,,,,,,
21,45,,,re,,,c,l,m,m,,,,,u,,,,s,aeolic,,,,,,
21,45,BF,2,nI,r,a,,,m,m,,,,,m,,,,,aeolic,,,,,,
21,45,,,kAn,,,p,,e,e,,,,,e,,p,e,,aeolic,,,,,,